id,first_name,last_name,email,gender,ip_address,spent,country
1,Dieter,Abdon,dabdon0@woothemes.com,Male,38.224.139.102,226.06,China
2,Boycie,Brigdale,bbrigdale1@ucla.edu,Male,127.189.158.97,862.53,Philippines
3,Che,Annand,cannand2@istockphoto.com,Male,20.3.160.147,658.38,China
4,Mercy,Vader,mvader3@hugedomains.com,Female,51.221.241.218,14.09,Portugal
5,Isiahi,Tyndall,ityndall4@seesaa.net,Male,0.215.230.138,975.79,Poland
6,Moyra,Crallan,mcrallan5@newyorker.com,Female,226.210.79.10,208.88,Iran
7,Reamonn,Fedorski,rfedorski6@kickstarter.com,Male,113.218.16.24,155.26,China
8,Vernon,Coopey,vcoopey7@fastcompany.com,Male,109.170.143.6,265.68,Russia
9,Renee,Vell,rvell8@nymag.com,Female,108.186.223.124,942.82,China
10,Freida,Gosselin,fgosselin9@psu.edu,Female,209.219.111.202,625.24,China
11,Cooper,Stealey,cstealeya@unblog.fr,Male,133.106.132.51,330.74,Portugal
12,Danielle,Como,dcomob@cnbc.com,Female,77.133.24.177,398.8,Kosovo
13,Yurik,Mouncher,ymouncherc@opera.com,Male,81.87.56.80,68.19,Philippines
14,Carolan,Kelson,ckelsond@mysql.com,Female,165.245.239.3,348.9,Indonesia
15,Nickey,Martyn,nmartyne@odnoklassniki.ru,Male,110.57.6.71,916.15,Czech Republic
16,Richmond,Pinniger,rpinnigerf@mozilla.com,Male,173.88.52.175,441.41,Philippines
17,Ancell,Forrest,aforrestg@people.com.cn,Male,234.199.1.61,188.24,Bulgaria
18,Cornie,Stretton,cstrettonh@plala.or.jp,Male,193.130.85.149,612.54,Nicaragua
19,Hewet,Auton,hautoni@globo.com,Male,167.117.172.33,419.2,Vietnam
20,Tyson,Scandred,tscandredj@ning.com,Male,156.165.56.245,991.22,Philippines
21,Boyd,Ping,bpingk@opera.com,Male,229.3.138.159,189.66,Russia
22,Lorie,Gilbart,lgilbartl@hc360.com,Female,142.125.134.58,297.84,Czech Republic
23,Bamby,Bourgeois,bbourgeoism@nature.com,Female,185.201.65.147,851.05,China
24,Cairistiona,Butchers,cbutchersn@hexun.com,Female,90.80.116.120,412.9,Indonesia
25,Bret,Lorentz,blorentzo@sciencedirect.com,Male,166.92.167.112,85.06,Indonesia
26,Gail,Allnutt,gallnuttp@walmart.com,Female,128.135.159.134,299.64,Barbados
27,Marion,Hothersall,mhothersallq@spotify.com,Female,9.25.226.245,627.04,Cuba
28,Rebekah,Rops,rropsr@pbs.org,Female,36.122.78.251,257.31,Mongolia
29,Marlowe,Wixey,mwixeys@sina.com.cn,Male,110.183.108.122,579.92,Mexico
30,Crystal,Burbidge,cburbidget@omniture.com,Female,220.169.59.124,666.45,China
31,Blondy,Penylton,bpenyltonu@people.com.cn,Female,79.206.57.185,190.34,China
32,Sebastiano,McClancy,smcclancyv@surveymonkey.com,Male,82.113.252.37,685.67,Palestinian Territory
33,Sig,Playfair,splayfairw@stumbleupon.com,Male,113.205.25.186,176.64,France
34,Noelani,Darlington,ndarlingtonx@slideshare.net,Female,254.253.93.44,575.87,Argentina
35,Nannette,Lujan,nlujany@miibeian.gov.cn,Female,24.98.175.247,689.24,China
36,Remington,Pert,rpertz@google.com.br,Male,154.193.175.189,459.59,Brazil
37,Kennett,Biskupek,kbiskupek10@newyorker.com,Male,110.196.78.132,447.77,Indonesia
38,Cherianne,Ambrogio,cambrogio11@plala.or.jp,Female,130.138.161.77,993.56,Indonesia
39,Joey,Celle,jcelle12@reuters.com,Female,230.244.57.178,485.16,Indonesia
40,Sky,Keedy,skeedy13@google.com.br,Male,112.81.16.82,680.78,Panama
41,Lothario,Morant,lmorant14@4shared.com,Male,73.79.116.144,299.27,Indonesia
42,Gladys,Wiltshier,gwiltshier15@wikia.com,Female,211.123.246.243,227.53,Germany
43,Sterne,Tewkesberry,stewkesberry16@unc.edu,Male,252.151.132.169,75.72,Brazil
44,Alex,Gomm,agomm17@devhub.com,Male,233.236.60.144,899.52,Madagascar
45,Augustine,Isacsson,aisacsson18@slate.com,Male,105.133.58.159,786.03,Czech Republic
46,Avis,Bardill,abardill19@arstechnica.com,Female,54.195.68.52,523.61,France
47,Tracee,Rollings,trollings1a@noaa.gov,Female,117.28.119.42,522.51,Estonia
48,Lorine,Mixhel,lmixhel1b@elegantthemes.com,Female,26.188.63.249,319.4,Czech Republic
49,Corbet,Jickles,cjickles1c@gravatar.com,Male,60.88.84.2,995.07,China
50,Haley,Pinard,hpinard1d@unblog.fr,Female,179.43.6.185,33.5,Tanzania
51,Dalli,Idel,didel1e@friendfeed.com,Male,72.0.177.176,308.34,Indonesia
52,Aeriell,Virgin,avirgin1f@wikimedia.org,Female,200.197.126.98,516.58,Indonesia
53,Maison,Ilett,milett1g@rediff.com,Male,255.240.13.182,321.82,China
54,Jeff,Cheine,jcheine1h@fastcompany.com,Male,199.29.190.160,824.01,Mexico
55,Bondon,Higgen,bhiggen1i@xrea.com,Male,86.166.209.240,873.82,Indonesia
56,Gerri,Blanchard,gblanchard1j@1688.com,Male,212.211.159.201,826.62,China
57,Doroteya,Paye,dpaye1k@geocities.jp,Female,247.170.234.226,726.13,Iran
58,Francyne,Fanshaw,ffanshaw1l@hao123.com,Female,251.213.104.232,528.24,Canada
59,Lorinda,Loody,lloody1m@booking.com,Female,219.105.51.178,347.73,Poland
60,Tobey,Retallick,tretallick1n@about.me,Female,212.27.253.81,286.96,China
61,Payton,Rummer,prummer1o@hp.com,Male,252.135.204.12,519.86,China
62,Blondell,Stoffler,bstoffler1p@zimbio.com,Female,202.130.38.94,864.53,Russia
63,Cherri,Syne,csyne1q@unesco.org,Female,148.33.48.250,148.14,Egypt
64,Marys,Iannitti,miannitti1r@reuters.com,Female,218.17.124.27,880.96,Russia
65,Brenn,Lutty,blutty1s@intel.com,Female,145.107.35.221,591.56,Jordan
66,Osbert,Carlyon,ocarlyon1t@cmu.edu,Male,147.21.59.111,286.44,Albania
67,Obie,Blick,oblick1u@wikipedia.org,Male,20.234.66.36,270.68,Czech Republic
68,Kippie,Gillford,kgillford1v@fc2.com,Female,137.162.30.132,824.39,Thailand
69,Myrtle,Orring,morring1w@tiny.cc,Female,164.79.102.107,333.07,Colombia
70,Orsola,Aymerich,oaymerich1x@yahoo.com,Female,110.202.87.248,305.01,Latvia
71,Maribeth,Pionter,mpionter1y@youtu.be,Female,50.162.92.102,821.85,Indonesia
72,Kevyn,Vannucci,kvannucci1z@moonfruit.com,Female,240.146.216.35,884.48,United States
73,Ellerey,Mundow,emundow20@acquirethisname.com,Male,60.162.197.28,892.86,Philippines
74,Scott,MacGuigan,smacguigan21@list-manage.com,Male,202.98.58.43,726.05,Japan
75,Adrienne,McGhie,amcghie22@patch.com,Female,245.129.244.95,165.94,Yemen
76,Pooh,Jakubski,pjakubski23@123-reg.co.uk,Male,29.46.249.86,400.84,Norway
77,Baldwin,Pilcher,bpilcher24@kickstarter.com,Male,18.81.141.197,906.11,Russia
78,Simmonds,Ralls,sralls25@themeforest.net,Male,244.69.18.31,130.53,Indonesia
79,Valene,Grellis,vgrellis26@springer.com,Female,204.104.216.14,746.3,France
80,Homer,Blampey,hblampey27@cbslocal.com,Male,47.137.55.187,563.73,Sierra Leone
81,Adrea,Barosch,abarosch28@yale.edu,Female,194.66.107.90,381.79,Mexico
82,Gian,Hauck,ghauck29@woothemes.com,Male,206.168.142.198,327.74,Greece
83,Gannon,Greser,ggreser2a@histats.com,Male,24.192.127.139,395.17,Russia
84,Steffi,Jessard,sjessard2b@sohu.com,Female,200.150.13.207,226.66,France
85,Bink,Clinton,bclinton2c@rambler.ru,Male,249.25.103.162,209.2,Finland
86,Levy,Regardsoe,lregardsoe2d@wsj.com,Male,82.217.191.144,725.4,Norway
87,Henrieta,Aveyard,haveyard2e@yelp.com,Female,212.102.136.129,280.05,China
88,Genia,Torregiani,gtorregiani2f@google.it,Female,216.163.159.192,506.65,Indonesia
89,Doy,Fessler,dfessler2g@yahoo.com,Male,45.137.125.124,75.19,Indonesia
90,Connor,Coolbear,ccoolbear2h@macromedia.com,Male,186.214.11.126,632.16,Mayotte
91,Tristan,Harlin,tharlin2i@scribd.com,Male,110.95.225.168,17.77,Portugal
92,Marie-ann,Prickett,mprickett2j@wired.com,Female,142.216.224.163,466.27,Indonesia
93,Pippo,McKeowon,pmckeowon2k@ycombinator.com,Male,196.33.36.67,101.87,Australia
94,Laurette,Spinage,lspinage2l@cdbaby.com,Female,84.111.100.100,382.34,Sri Lanka
95,Sargent,Robuchon,srobuchon2m@indiatimes.com,Male,73.187.227.202,883.77,Indonesia
96,Leroy,Camoys,lcamoys2n@seesaa.net,Male,119.232.5.2,28.05,Botswana
97,Thorny,Wallage,twallage2o@cpanel.net,Male,55.156.64.240,821.1,Philippines
98,Keenan,Bernardini,kbernardini2p@paginegialle.it,Male,210.222.173.99,744.24,China
99,Darline,Trussman,dtrussman2q@themeforest.net,Female,79.141.16.122,474.36,Canada
100,Brew,Polino,bpolino2r@economist.com,Male,224.137.153.85,115.87,China
101,Kathe,Semarke,ksemarke2s@imdb.com,Female,245.183.84.242,136.23,China
102,Farah,Flippini,fflippini2t@goo.gl,Female,32.57.67.92,432.54,Portugal
103,Win,Biernat,wbiernat2u@google.fr,Male,11.59.169.105,156.05,Finland
104,Reinaldos,Reide,rreide2v@intel.com,Male,149.116.250.171,256.47,Russia
105,Ignace,Clashe,iclashe2w@opensource.org,Male,102.217.255.241,969.08,Portugal
106,Demetri,Hurling,dhurling2x@dot.gov,Male,189.238.85.15,273.14,Portugal
107,Newton,Kingescot,nkingescot2y@bloomberg.com,Male,80.82.156.52,818.17,Thailand
108,Ian,Candwell,icandwell2z@google.pl,Male,224.12.129.145,511.21,Indonesia
109,Rouvin,Mersey,rmersey30@bloomberg.com,Male,183.159.99.223,989.74,China
110,Waverly,Pibsworth,wpibsworth31@state.tx.us,Male,196.230.70.152,465.6,Cuba
111,Benetta,Proven,bproven32@reuters.com,Female,168.172.129.249,185.29,Philippines
112,Justina,Stanistreet,jstanistreet33@issuu.com,Female,148.174.224.149,257.46,Bosnia and Herzegovina
113,Benedicta,Parmiter,bparmiter34@redcross.org,Female,74.160.242.103,726.88,China
114,Ash,Slad,aslad35@independent.co.uk,Male,117.116.177.205,40.76,Russia
115,Jamison,Wye,jwye36@prweb.com,Male,76.54.189.203,835.83,Philippines
116,Denys,Pantone,dpantone37@google.ca,Female,161.250.170.153,38.43,Philippines
117,Stanton,Batha,sbatha38@tinyurl.com,Male,121.83.151.211,761.69,Nigeria
118,Mac,Vincent,mvincent39@un.org,Male,242.228.165.87,375.44,Egypt
119,Perkin,Casin,pcasin3a@istockphoto.com,Male,214.143.148.121,335.52,Morocco
120,Lucais,Bowhay,lbowhay3b@berkeley.edu,Male,58.24.174.62,577.39,Indonesia
121,Kathrine,Warbey,kwarbey3c@noaa.gov,Female,36.249.142.4,503.91,China
122,Coreen,Rouf,crouf3d@vistaprint.com,Female,4.111.236.204,358.86,Cameroon
123,Biddie,Harvard,bharvard3e@1688.com,Female,165.97.19.230,23.06,Serbia
124,Elsey,Nickels,enickels3f@hugedomains.com,Female,96.142.155.124,156.64,France
125,Rees,Gaitley,rgaitley3g@nationalgeographic.com,Male,71.194.212.39,661.34,Indonesia
126,Jaimie,Tolworthy,jtolworthy3h@last.fm,Male,14.102.214.236,602.69,Guatemala
127,Kliment,Whifen,kwhifen3i@skyrock.com,Male,233.20.242.143,327.73,Indonesia
128,Catharine,Mixture,cmixture3j@php.net,Female,239.45.233.146,154.64,France
129,Rosina,Mordanti,rmordanti3k@addtoany.com,Female,247.89.151.252,270.91,Brazil
130,Joby,Philpot,jphilpot3l@cafepress.com,Female,160.42.152.233,6.1,Czech Republic
131,Jehanna,Ledwitch,jledwitch3m@globo.com,Female,250.43.242.143,148.38,Brazil
132,Demetri,Extence,dextence3n@google.com,Male,175.87.7.33,213.75,Japan
133,Izaak,Jellyman,ijellyman3o@springer.com,Male,97.142.27.17,765.67,Czech Republic
134,Gibby,Yon,gyon3p@simplemachines.org,Male,245.137.127.93,602.4,Vietnam
135,Gan,Satterly,gsatterly3q@webmd.com,Male,136.96.180.150,488.04,Denmark
136,Merrilee,Konzel,mkonzel3r@ning.com,Female,102.93.74.72,869.11,Thailand
137,Galvin,Finnie,gfinnie3s@cpanel.net,Male,225.86.19.147,589.88,South Korea
138,Manfred,Week,mweek3t@gov.uk,Male,131.254.117.198,690.96,Nepal
139,Doretta,Valek,dvalek3u@multiply.com,Female,117.237.41.109,424.52,China
140,Cesar,Fullard,cfullard3v@ted.com,Male,32.47.60.2,471.19,Finland
141,Elianora,Wakeley,ewakeley3w@tripod.com,Female,206.110.89.117,209.58,Guatemala
142,Codee,Walkley,cwalkley3x@cornell.edu,Female,115.216.141.239,81.84,Russia
143,Kristy,Segeswoeth,ksegeswoeth3y@bing.com,Female,5.22.109.200,274.36,Russia
144,Tess,Demoge,tdemoge3z@4shared.com,Female,144.189.123.127,218.94,Honduras
145,Thatch,Yacobsohn,tyacobsohn40@imgur.com,Male,123.215.112.69,153.91,China
146,Ted,Gillean,tgillean41@usnews.com,Female,191.9.53.90,728.6,Japan
147,Gwendolyn,Danilchik,gdanilchik42@cdbaby.com,Female,129.200.83.181,601.53,Nigeria
148,Ninnetta,Brownrigg,nbrownrigg43@go.com,Female,131.111.116.48,344.57,Portugal
149,Ophelia,McEnery,omcenery44@baidu.com,Female,223.33.72.17,149.0,Thailand
150,Erin,Bransdon,ebransdon45@admin.ch,Male,59.158.222.7,38.1,Colombia
151,Gladi,Denis,gdenis46@photobucket.com,Female,51.249.128.233,759.72,Philippines
152,Belvia,Leyden,bleyden47@devhub.com,Female,237.100.177.133,466.61,China
153,Carla,Webermann,cwebermann48@pcworld.com,Female,96.154.56.55,440.17,Croatia
154,Karie,Garrud,kgarrud49@gizmodo.com,Female,208.175.24.109,523.47,Indonesia
155,Albrecht,Tabrett,atabrett4a@netscape.com,Male,92.42.70.153,204.95,Greece
156,Goober,Todeo,gtodeo4b@amazon.co.jp,Male,107.44.215.254,37.96,Indonesia
157,Percy,Cardero,pcardero4c@xing.com,Male,230.169.242.94,154.74,China
158,Anjela,Baptist,abaptist4d@amazon.co.jp,Female,77.95.88.115,305.9,China
159,Gilemette,Ludgate,gludgate4e@google.cn,Female,13.206.198.54,591.78,Armenia
160,Ernest,Pratchett,epratchett4f@comsenz.com,Male,174.12.184.208,45.39,Djibouti
161,Bethena,Hadcroft,bhadcroft4g@huffingtonpost.com,Female,137.199.228.137,75.61,France
162,Robby,Boddington,rboddington4h@home.pl,Female,54.112.212.75,510.13,Philippines
163,Constantine,Balog,cbalog4i@freewebs.com,Female,151.1.227.76,44.39,Philippines
164,Ferdinand,Trafford,ftrafford4j@java.com,Male,103.192.100.177,123.12,Brazil
165,Sauncho,Roskelley,sroskelley4k@blogger.com,Male,29.132.168.3,749.18,Tajikistan
166,Caresse,Cheves,ccheves4l@eventbrite.com,Female,56.17.241.172,471.44,Philippines
167,Klarrisa,McCuffie,kmccuffie4m@dailymotion.com,Female,74.150.120.191,371.85,Peru
168,Perrine,Jakel,pjakel4n@salon.com,Female,7.96.122.232,277.81,Indonesia
169,Odette,Beningfield,obeningfield4o@cbsnews.com,Female,167.89.211.137,75.15,El Salvador
170,Mal,Coie,mcoie4p@behance.net,Male,200.60.61.96,50.19,Costa Rica
171,Brandea,Perrie,bperrie4q@prweb.com,Female,156.179.95.171,146.71,China
172,Emili,Jeanet,ejeanet4r@icio.us,Female,147.165.229.180,608.0,China
173,Rozella,Harring,rharring4s@goo.ne.jp,Female,112.181.20.16,616.23,China
174,Mandy,Mallebone,mmallebone4t@mozilla.com,Female,0.213.92.45,528.9,United States
175,Helga,Flounders,hflounders4u@wikia.com,Female,113.48.124.118,751.01,Venezuela
176,Kinsley,Uzelli,kuzelli4v@amazonaws.com,Male,206.97.246.148,288.5,Philippines
177,Trenton,Sharphouse,tsharphouse4w@nsw.gov.au,Male,0.44.115.176,39.1,Spain
178,Tris,Beeson,tbeeson4x@diigo.com,Male,143.16.138.115,342.98,Sweden
179,Panchito,Bydaway,pbydaway4y@blogs.com,Male,194.170.198.250,714.16,Indonesia
180,Brandtr,Tailby,btailby4z@xrea.com,Male,225.246.36.41,545.46,China
181,Klaus,Lacoste,klacoste50@amazonaws.com,Male,232.124.173.251,438.62,China
182,Karry,Feighry,kfeighry51@bbc.co.uk,Female,117.121.63.58,447.4,China
183,Matthiew,Kopf,mkopf52@webeden.co.uk,Male,4.122.87.134,18.77,China
184,Sonnie,Briamo,sbriamo53@51.la,Female,147.236.220.90,147.36,Portugal
185,Wally,Spry,wspry54@naver.com,Female,3.111.149.187,903.62,Indonesia
186,Faun,Whitten,fwhitten55@usgs.gov,Female,155.88.181.119,473.21,Portugal
187,Darell,Stennett,dstennett56@technorati.com,Female,250.159.162.220,284.09,Latvia
188,Krysta,Cassedy,kcassedy57@nih.gov,Female,217.193.34.52,567.97,China
189,Martha,Dowling,mdowling58@ucsd.edu,Female,7.90.179.6,151.71,Colombia
190,Loria,Birrane,lbirrane59@cmu.edu,Female,199.28.203.176,658.86,South Africa
191,Tybie,Carnew,tcarnew5a@youtube.com,Female,210.133.26.148,422.52,Indonesia
192,Brit,Hemms,bhemms5b@boston.com,Female,145.178.138.162,98.15,Kenya
193,Josie,Yakunchikov,jyakunchikov5c@nasa.gov,Female,106.83.171.102,420.38,Togo
194,Joshuah,Yakunin,jyakunin5d@dailymail.co.uk,Male,208.174.13.193,142.31,Azerbaijan
195,Alfredo,Joyes,ajoyes5e@accuweather.com,Male,216.197.151.89,198.29,Argentina
196,Mohammed,Braidwood,mbraidwood5f@woothemes.com,Male,84.88.59.115,197.71,China
197,Charmane,Van T'Hoog,cvanthoog5g@so-net.ne.jp,Female,172.219.69.249,423.43,China
198,Ossie,Jeske,ojeske5h@walmart.com,Male,212.74.162.204,215.4,China
199,Rosetta,Heller,rheller5i@businessinsider.com,Female,46.74.243.123,570.35,Afghanistan
200,Denyse,Joutapaitis,djoutapaitis5j@storify.com,Female,66.223.214.29,998.76,China
201,Annamarie,Gave,agave5k@virginia.edu,Female,66.9.186.72,571.93,Argentina
202,Sherie,De Hoogh,sdehoogh5l@newsvine.com,Female,197.251.16.1,997.49,South Korea
203,Koenraad,Snailham,ksnailham5m@ucla.edu,Male,66.244.82.152,134.18,Bulgaria
204,Stewart,Farlambe,sfarlambe5n@omniture.com,Male,17.61.71.14,553.9,Russia
205,Leena,Martignoni,lmartignoni5o@desdev.cn,Female,251.80.253.85,586.99,Philippines
206,Booth,Brizland,bbrizland5p@cnn.com,Male,220.164.132.212,788.73,Russia
207,Nona,Brosch,nbrosch5q@networkadvertising.org,Female,125.225.206.137,133.53,Russia
208,Lillis,Quartermaine,lquartermaine5r@nytimes.com,Female,40.93.104.123,729.39,France
209,Tessie,Timperley,ttimperley5s@cbc.ca,Female,133.111.226.70,86.35,Poland
210,Berton,Linnock,blinnock5t@army.mil,Male,161.126.189.91,534.33,Indonesia
211,Diena,Stodhart,dstodhart5u@wix.com,Female,50.89.123.26,617.62,China
212,Deck,Cisneros,dcisneros5v@shinystat.com,Male,18.194.113.147,989.99,Canada
213,Althea,Gartside,agartside5w@wikia.com,Female,29.71.111.114,593.44,Brazil
214,Artus,Hryniewicz,ahryniewicz5x@hp.com,Male,249.218.203.127,562.22,Dominican Republic
215,Nicky,Guthrie,nguthrie5y@last.fm,Male,165.79.119.124,338.98,Azerbaijan
216,Nathanil,Choat,nchoat5z@dyndns.org,Male,108.186.173.60,174.78,Russia
217,Aristotle,Dakhno,adakhno60@youtu.be,Male,191.54.17.10,144.9,Colombia
218,Lou,Marc,lmarc61@shinystat.com,Female,179.42.238.127,517.27,Sweden
219,Gweneth,Blaze,gblaze62@opensource.org,Female,217.61.8.34,536.8,China
220,Nicole,Maulden,nmaulden63@aol.com,Female,198.192.211.96,516.88,Mongolia
221,Morse,Mulryan,mmulryan64@fastcompany.com,Male,138.231.235.172,772.23,Indonesia
222,Petey,Bollam,pbollam65@printfriendly.com,Male,249.213.128.242,876.09,Serbia
223,Flem,Clayill,fclayill66@cbc.ca,Male,123.102.82.223,344.31,Indonesia
224,Hamilton,Hughesdon,hhughesdon67@squarespace.com,Male,233.175.164.33,46.01,China
225,Melvyn,Perford,mperford68@theatlantic.com,Male,30.140.89.243,830.43,United States
226,Bertie,Kimbury,bkimbury69@mediafire.com,Male,94.46.250.108,17.54,Czech Republic
227,Inigo,Duce,iduce6a@zdnet.com,Male,194.23.111.24,397.17,China
228,Ysabel,Harrild,yharrild6b@tripadvisor.com,Female,123.127.209.227,637.09,Philippines
229,Christina,Seldon,cseldon6c@photobucket.com,Female,142.130.128.96,619.32,Nigeria
230,Abagael,Easman,aeasman6d@t.co,Female,174.185.195.125,745.55,Russia
231,Myrtia,Dannohl,mdannohl6e@cornell.edu,Female,113.194.98.54,198.16,United States
232,Jeffry,Bladder,jbladder6f@irs.gov,Male,134.32.216.77,775.23,Portugal
233,Antonella,Caudwell,acaudwell6g@yelp.com,Female,251.254.102.166,896.41,United States
234,Bernadine,McLeese,bmcleese6h@hubpages.com,Female,197.84.55.183,740.24,China
235,Wye,Royall,wroyall6i@reverbnation.com,Male,58.153.121.55,100.84,China
236,Renaud,Bish,rbish6j@psu.edu,Male,33.48.154.133,814.58,Portugal
237,Linoel,Jimmison,ljimmison6k@aboutads.info,Male,174.47.49.50,86.33,Greece
238,Polly,Joscelyne,pjoscelyne6l@ucla.edu,Female,243.176.100.51,811.69,Namibia
239,Herminia,Calafate,hcalafate6m@reddit.com,Female,70.5.24.33,716.17,Brazil
240,Olia,Burgoyne,oburgoyne6n@t-online.de,Female,91.11.17.110,9.44,Philippines
241,Dacy,Matyushonok,dmatyushonok6o@xing.com,Female,113.101.110.69,289.64,China
242,Nan,Storrier,nstorrier6p@fda.gov,Female,245.241.180.244,307.72,China
243,Charity,Kingscott,ckingscott6q@gnu.org,Female,156.232.14.40,669.48,Argentina
244,Chandra,Flanner,cflanner6r@cbslocal.com,Female,118.245.254.249,86.28,Mongolia
245,Maris,Salter,msalter6s@usda.gov,Female,21.51.238.114,484.01,Syria
246,Dory,O'Hern,dohern6t@aol.com,Female,177.81.168.237,797.82,China
247,Ranice,Harcus,rharcus6u@tumblr.com,Female,101.96.125.200,130.73,Nigeria
248,Ichabod,Ryman,iryman6v@slashdot.org,Male,243.142.78.224,709.05,Ukraine
249,Lyell,De Hoogh,ldehoogh6w@spotify.com,Male,8.154.144.70,333.08,China
250,Valerie,Terne,vterne6x@myspace.com,Female,156.241.86.222,665.33,Sweden
251,Obadias,Grotty,ogrotty6y@indiatimes.com,Male,133.95.16.27,674.31,Indonesia
252,Amalle,Fontel,afontel6z@harvard.edu,Female,74.153.253.17,691.11,Syria
253,Sonnie,Cardillo,scardillo70@amazon.de,Male,0.219.163.163,702.56,China
254,Charil,Catterall,ccatterall71@istockphoto.com,Female,95.33.16.226,141.04,Poland
255,Natka,Zink,nzink72@disqus.com,Female,155.93.60.30,472.68,Indonesia
256,Benito,Bambra,bbambra73@disqus.com,Male,3.132.163.95,777.84,Argentina
257,Wendell,Blampy,wblampy74@macromedia.com,Male,33.123.65.243,451.27,United States
258,Eliza,Wozencraft,ewozencraft75@fastcompany.com,Female,94.76.143.196,576.05,China
259,Merridie,McGibbon,mmcgibbon76@liveinternet.ru,Female,214.129.55.76,13.38,France
260,Marcie,Getcliffe,mgetcliffe77@craigslist.org,Female,58.106.185.58,886.17,Guatemala
261,Aviva,Dyde,adyde78@huffingtonpost.com,Female,158.21.212.231,646.31,Czech Republic
262,Manya,Whisson,mwhisson79@wix.com,Female,241.14.28.47,880.97,United Kingdom
263,Myer,Skedge,mskedge7a@webmd.com,Male,181.35.140.73,9.43,China
264,Cherri,Scurlock,cscurlock7b@cmu.edu,Female,221.152.180.41,154.41,Russia
265,Andrei,Jessett,ajessett7c@wisc.edu,Female,3.238.52.220,190.1,Mexico
266,Zechariah,Gaven,zgaven7d@histats.com,Male,191.59.137.81,569.44,Colombia
267,Rubie,Attenbrow,rattenbrow7e@pcworld.com,Female,2.216.218.142,203.71,Iran
268,Egan,Luckhurst,eluckhurst7f@mit.edu,Male,176.57.161.197,199.73,Sweden
269,Myron,McCafferky,mmccafferky7g@parallels.com,Male,125.186.119.101,637.52,Dominican Republic
270,Raychel,Chamberlen,rchamberlen7h@wp.com,Female,158.152.143.29,992.71,Argentina
271,Lesly,Estable,lestable7i@naver.com,Female,75.8.206.185,571.01,Russia
272,Corrie,De Gouy,cdegouy7j@microsoft.com,Male,70.191.25.139,8.52,Venezuela
273,Brandy,Baseke,bbaseke7k@census.gov,Male,142.248.214.36,228.88,Philippines
274,Deidre,Leppington,dleppington7l@stumbleupon.com,Female,9.103.195.233,860.02,Costa Rica
275,Dedie,Bodechon,dbodechon7m@indiegogo.com,Female,189.148.216.3,711.75,Brazil
276,Tiler,Duckels,tduckels7n@icq.com,Male,175.0.189.45,474.99,China
277,Garald,Dufaur,gdufaur7o@free.fr,Male,203.126.62.148,258.66,Philippines
278,Lacee,Bourgaize,lbourgaize7p@godaddy.com,Female,19.62.11.89,830.87,Indonesia
279,Alonso,Bineham,abineham7q@weather.com,Male,76.131.17.66,83.01,Russia
280,Rodney,Jirka,rjirka7r@netscape.com,Male,246.218.38.229,70.63,Bulgaria
281,Natassia,Leathley,nleathley7s@hatena.ne.jp,Female,217.175.233.240,895.34,China
282,Dniren,Blasik,dblasik7t@ocn.ne.jp,Female,142.16.173.217,851.9,Poland
283,Margy,Branscombe,mbranscombe7u@marriott.com,Female,198.210.107.99,525.84,Indonesia
284,Hilliary,Logie,hlogie7v@nature.com,Female,153.205.130.33,242.51,China
285,Gipsy,Zanuciolii,gzanuciolii7w@bandcamp.com,Female,18.237.106.243,336.22,Indonesia
286,Aurelea,Larham,alarham7x@foxnews.com,Female,191.205.238.77,163.72,Italy
287,Thorin,Brooking,tbrooking7y@cloudflare.com,Male,144.117.45.135,461.11,New Zealand
288,Osbourn,Davion,odavion7z@zdnet.com,Male,241.176.21.112,748.26,Ireland
289,Sorcha,Felix,sfelix80@lycos.com,Female,140.166.54.156,58.27,China
290,Goldy,Faircley,gfaircley81@cdc.gov,Female,46.231.191.190,122.5,Ireland
291,Frederica,Ellyatt,fellyatt82@mozilla.org,Female,215.218.23.219,999.07,Guinea
292,Cross,Pedersen,cpedersen83@house.gov,Male,103.77.81.124,397.91,Finland
293,Lilia,Yakutin,lyakutin84@mail.ru,Female,133.89.174.137,895.84,Kosovo
294,Agna,Silburn,asilburn85@soundcloud.com,Female,227.109.253.100,260.42,United States
295,Mordecai,Eaton,meaton86@toplist.cz,Male,28.42.151.11,248.9,Mexico
296,Etan,Barme,ebarme87@chicagotribune.com,Male,64.14.117.255,885.57,Albania
297,Blinni,Severs,bsevers88@php.net,Female,57.231.124.64,186.65,Brazil
298,Evania,Dugmore,edugmore89@indiatimes.com,Female,234.59.1.194,989.52,Dominican Republic
299,Rawley,Snell,rsnell8a@umn.edu,Male,147.97.156.179,261.28,Colombia
300,Sherilyn,Skitral,sskitral8b@sciencedirect.com,Female,201.200.241.176,838.81,France
301,Isidora,McFfaden,imcffaden8c@drupal.org,Female,79.190.15.104,562.62,Philippines
302,Aleda,Schroter,aschroter8d@ow.ly,Female,100.232.153.190,619.3,China
303,Nikki,Cristofol,ncristofol8e@netvibes.com,Male,215.171.64.23,488.48,China
304,Zabrina,Son,zson8f@sun.com,Female,228.125.57.185,300.24,Mexico
305,Burnaby,Tupling,btupling8g@fastcompany.com,Male,58.231.178.2,438.67,China
306,Jori,Boosey,jboosey8h@sun.com,Female,36.33.169.4,536.28,Brazil
307,Stefa,Bellsham,sbellsham8i@reference.com,Female,159.21.161.18,584.46,France
308,Fay,Antonsen,fantonsen8j@live.com,Female,246.236.43.180,944.21,Japan
309,Hammad,Messom,hmessom8k@photobucket.com,Male,31.106.139.175,765.37,Philippines
310,Zea,Kirstein,zkirstein8l@cloudflare.com,Female,177.154.76.61,667.8,Philippines
311,Camey,Torn,ctorn8m@usatoday.com,Male,96.167.193.236,66.36,Poland
312,Maire,Mayho,mmayho8n@engadget.com,Female,122.142.234.223,704.25,Bosnia and Herzegovina
313,Jeanna,Petrulis,jpetrulis8o@cdc.gov,Female,92.137.104.44,632.52,Czech Republic
314,Alister,Ingon,aingon8p@tuttocitta.it,Male,86.63.77.36,952.06,Nigeria
315,Aurlie,Lawtie,alawtie8q@mozilla.org,Female,181.204.48.37,853.25,China
316,Boris,Tuffs,btuffs8r@mapquest.com,Male,233.93.124.146,270.85,France
317,Raddie,Selliman,rselliman8s@mit.edu,Male,72.127.82.8,100.37,Madagascar
318,Stefania,Burehill,sburehill8t@sohu.com,Female,169.40.153.0,711.3,China
319,Xylina,Hardson,xhardson8u@statcounter.com,Female,158.72.60.224,527.95,Portugal
320,Ruttger,Legendre,rlegendre8v@nbcnews.com,Male,218.147.223.113,474.78,Chile
321,Raul,Aish,raish8w@wordpress.com,Male,209.47.163.183,643.89,Pakistan
322,Laina,Rigden,lrigden8x@webmd.com,Female,78.32.88.222,47.3,Iran
323,Minnaminnie,Gallie,mgallie8y@tumblr.com,Female,223.49.191.151,650.18,Philippines
324,Clemente,Cuffin,ccuffin8z@youtu.be,Male,1.162.49.0,842.36,Indonesia
325,Vita,Walklett,vwalklett90@webeden.co.uk,Female,143.56.250.182,291.29,China
326,Bordie,Blemings,bblemings91@cbsnews.com,Male,29.74.3.158,575.25,Brazil
327,Sarita,Tunna,stunna92@simplemachines.org,Female,82.21.49.134,17.44,Colombia
328,Verile,Sposito,vsposito93@ftc.gov,Female,198.58.224.97,666.1,Portugal
329,Lianna,Menicomb,lmenicomb94@nasa.gov,Female,76.245.185.108,864.73,Indonesia
330,Rafe,Mosey,rmosey95@ebay.com,Male,176.200.84.83,4.83,Brazil
331,Adelbert,Redman,aredman96@hc360.com,Male,71.221.48.6,387.99,Nigeria
332,Nigel,Baldin,nbaldin97@naver.com,Male,178.65.108.123,597.72,Russia
333,Olympia,Lidgertwood,olidgertwood98@pagesperso-orange.fr,Female,136.112.138.216,515.85,Kazakhstan
334,Aldis,Cartledge,acartledge99@storify.com,Male,31.116.233.222,251.5,Philippines
335,Robenia,Horbart,rhorbart9a@hp.com,Female,162.22.213.224,70.71,Poland
336,Ariana,Bellay,abellay9b@home.pl,Female,237.254.154.147,947.55,Canada
337,Jere,Micklewicz,jmicklewicz9c@nifty.com,Male,0.203.14.31,95.19,Argentina
338,Helenka,Harte,hharte9d@abc.net.au,Female,139.219.253.69,181.85,China
339,Patrica,Siggin,psiggin9e@etsy.com,Female,163.127.85.59,659.6,Indonesia
340,Alix,Rushbury,arushbury9f@alibaba.com,Female,136.25.68.150,939.24,China
341,Cassie,Shimmin,cshimmin9g@netvibes.com,Male,66.151.0.122,710.54,China
342,Ricard,Pinare,rpinare9h@rakuten.co.jp,Male,116.128.205.100,944.6,Russia
343,Antonie,Jerson,ajerson9i@plala.or.jp,Female,108.146.99.51,511.99,Netherlands
344,Abdel,Kettridge,akettridge9j@miibeian.gov.cn,Male,124.221.145.16,939.46,Poland
345,Evy,Van den Dael,evandendael9k@tumblr.com,Female,223.45.188.194,889.03,Indonesia
346,Tedie,Stobo,tstobo9l@google.com.hk,Male,178.55.132.83,501.12,Luxembourg
347,Tedd,Guerrier,tguerrier9m@webeden.co.uk,Male,132.247.22.81,476.69,Zambia
348,Barry,Monaghan,bmonaghan9n@nps.gov,Male,220.68.4.155,685.95,Finland
349,Silvanus,Nijs,snijs9o@yelp.com,Male,244.194.154.88,647.71,Indonesia
350,Laetitia,Rosenthaler,lrosenthaler9p@mtv.com,Female,199.75.243.159,577.68,Spain
351,Riobard,Linthead,rlinthead9q@google.ru,Male,165.208.150.171,146.02,China
352,Jenilee,Saffon,jsaffon9r@live.com,Female,204.43.60.127,667.73,China
353,Lanette,Frisdick,lfrisdick9s@tmall.com,Female,113.151.161.55,950.66,Philippines
354,Madelina,Buchan,mbuchan9t@qq.com,Female,62.204.180.193,262.88,Guatemala
355,Obediah,Stile,ostile9u@about.com,Male,89.171.121.139,490.73,Honduras
356,Stacee,Erdis,serdis9v@instagram.com,Male,13.22.232.24,682.63,Sweden
357,Karissa,Kenrat,kkenrat9w@theatlantic.com,Female,18.2.68.84,266.95,Nigeria
358,Kalindi,Wakelin,kwakelin9x@netvibes.com,Female,183.96.79.31,5.59,Kazakhstan
359,Addy,Siburn,asiburn9y@irs.gov,Male,132.205.124.90,131.79,France
360,Kirstin,Furzer,kfurzer9z@addthis.com,Female,123.102.193.20,381.76,Russia
361,Zollie,Challiner,zchallinera0@angelfire.com,Male,110.49.112.135,213.26,China
362,Georgy,Yetton,gyettona1@xinhuanet.com,Male,243.254.179.244,751.83,Ukraine
363,Martie,Weatherhill,mweatherhilla2@disqus.com,Female,41.104.123.3,590.24,China
364,Chadd,Crudgington,ccrudgingtona3@constantcontact.com,Male,133.128.44.27,957.14,Philippines
365,Roth,Tuffley,rtuffleya4@mediafire.com,Male,234.183.158.92,276.47,Brazil
366,Garrick,Velten,gveltena5@blogger.com,Male,230.79.150.40,411.66,Russia
367,Abby,Paoli,apaolia6@zdnet.com,Male,1.53.234.234,233.24,Indonesia
368,Uri,Lantuff,ulantuffa7@dagondesign.com,Male,51.255.35.13,672.6,United States
369,Virgie,Marchelli,vmarchellia8@woothemes.com,Female,29.182.68.52,685.32,Indonesia
370,Lowe,Pardy,lpardya9@studiopress.com,Male,234.187.134.85,66.05,Philippines
371,Vasilis,Dorrity,vdorrityaa@noaa.gov,Male,100.68.38.52,75.61,United States
372,Abba,Pawlicki,apawlickiab@chicagotribune.com,Male,234.154.119.211,559.63,Argentina
373,Charlton,Halloran,challoranac@shop-pro.jp,Male,200.58.35.153,95.9,China
374,Deane,Enion,denionad@1688.com,Female,189.207.150.144,953.63,China
375,Elvin,Havelin,ehavelinae@artisteer.com,Male,120.165.46.227,940.06,Serbia
376,Loreen,Russe,lrusseaf@bluehost.com,Female,228.20.137.248,827.07,China
377,Herman,Halleybone,hhalleyboneag@addthis.com,Male,252.33.90.251,191.34,Philippines
378,Auguste,Burkin,aburkinah@chronoengine.com,Female,99.233.144.118,151.28,China
379,Dagny,Epdell,depdellai@mediafire.com,Male,135.86.76.15,62.65,Armenia
380,Sisile,Hourston,shourstonaj@wikipedia.org,Female,16.214.179.177,356.08,Honduras
381,George,Goodings,ggoodingsak@issuu.com,Male,76.18.223.13,593.7,Armenia
382,Eleanore,McCurtain,emccurtainal@trellian.com,Female,195.229.189.187,715.36,China
383,Winnah,Pozer,wpozeram@technorati.com,Female,253.75.30.165,482.75,Yemen
384,Hussein,Tryme,htrymean@shareasale.com,Male,200.12.24.48,975.23,China
385,Warner,Tomblett,wtomblettao@storify.com,Male,41.241.211.153,195.29,Brazil
386,Britte,Filipychev,bfilipychevap@wordpress.com,Female,173.18.226.98,193.09,Philippines
387,Maegan,Bengtsen,mbengtsenaq@cornell.edu,Female,194.20.26.90,401.35,China
388,Lenka,Ossenna,lossennaar@stanford.edu,Female,176.34.83.126,897.68,Chad
389,Smitty,Tollet,stolletas@multiply.com,Male,108.87.238.13,610.63,China
390,Pris,Balch,pbalchat@rakuten.co.jp,Female,48.93.226.140,469.03,Canada
391,Alvie,Pogosian,apogosianau@clickbank.net,Male,233.53.113.192,997.53,Mali
392,Winny,Dulin,wdulinav@livejournal.com,Male,142.42.39.142,202.84,China
393,Trula,Rosenfelt,trosenfeltaw@php.net,Female,9.56.20.163,333.89,China
394,Shalom,Sweatman,ssweatmanax@behance.net,Male,64.107.15.41,990.84,Saudi Arabia
395,Benedikta,Newling,bnewlingay@homestead.com,Female,79.111.94.231,428.69,Brazil
396,Hazel,Sarsons,hsarsonsaz@google.es,Male,71.10.40.171,43.54,Luxembourg
397,Clim,Kobierra,ckobierrab0@nih.gov,Male,46.222.168.132,463.87,Colombia
398,Rees,Gameson,rgamesonb1@google.com,Male,116.40.174.96,115.64,Lithuania
399,Winny,Vedenyapin,wvedenyapinb2@wikipedia.org,Male,125.221.183.250,869.2,Indonesia
400,Ado,Matcham,amatchamb3@soundcloud.com,Male,141.96.37.147,448.38,Albania
401,Cloris,Laws,clawsb4@theguardian.com,Female,244.245.127.15,898.46,China
402,Duky,Plumptre,dplumptreb5@google.ca,Male,242.180.84.19,684.22,Mongolia
403,Lorita,Gummary,lgummaryb6@pen.io,Female,68.145.16.43,889.02,Indonesia
404,Neale,Iremonger,niremongerb7@wunderground.com,Male,35.14.153.5,547.34,China
405,Sutton,Undy,sundyb8@livejournal.com,Male,115.37.207.100,186.05,Chile
406,Rana,Downage,rdownageb9@msu.edu,Female,212.73.225.172,529.5,Australia
407,Jeanna,Gallandre,jgallandreba@ebay.co.uk,Female,147.137.115.216,126.88,Puerto Rico
408,Mateo,Fenck,mfenckbb@slate.com,Male,113.131.3.97,602.82,United States
409,Galvin,Titta,gtittabc@prlog.org,Male,98.166.32.78,78.56,France
410,Madlin,O'Tierney,motierneybd@fc2.com,Female,192.157.130.211,417.2,Malaysia
411,Ted,Itshak,titshakbe@sina.com.cn,Female,9.22.100.120,298.12,China
412,Humfrid,Roden,hrodenbf@yelp.com,Male,28.242.132.190,462.43,South Korea
413,Daisy,Drohan,ddrohanbg@google.ca,Female,132.15.20.202,621.4,Ukraine
414,Zebulen,Charity,zcharitybh@bbb.org,Male,200.194.54.34,17.64,China
415,Katusha,Wabersinke,kwabersinkebi@w3.org,Female,147.42.120.180,358.03,Poland
416,Wald,Matissoff,wmatissoffbj@spiegel.de,Male,215.79.135.206,382.3,Netherlands
417,Cletus,Philippe,cphilippebk@bigcartel.com,Male,9.68.5.239,89.76,France
418,Cybill,Corballis,ccorballisbl@cdc.gov,Female,241.82.123.37,875.59,Thailand
419,Gradeigh,Lillford,glillfordbm@squarespace.com,Male,175.63.146.58,657.66,Russia
420,Anabal,Varran,avarranbn@flavors.me,Female,207.201.115.202,232.92,Haiti
421,Farlie,Feldhorn,ffeldhornbo@desdev.cn,Male,195.212.76.52,392.87,Ukraine
422,Philomena,Walker,pwalkerbp@wired.com,Female,183.237.227.174,806.1,Malaysia
423,Maible,Kinder,mkinderbq@yahoo.co.jp,Female,188.51.59.48,786.72,Mexico
424,Rose,Gumby,rgumbybr@bbb.org,Female,199.61.230.85,79.83,Mexico
425,Tanney,Bowich,tbowichbs@macromedia.com,Male,92.157.85.8,880.42,Finland
426,Tam,Yve,tyvebt@craigslist.org,Male,78.31.0.117,756.61,France
427,Josee,Phelipeaux,jphelipeauxbu@cbsnews.com,Female,51.57.80.228,480.2,Poland
428,Whitney,Kordova,wkordovabv@amazon.com,Female,190.79.228.174,923.36,Kosovo
429,Ramsay,McFetrich,rmcfetrichbw@blogspot.com,Male,108.86.246.62,483.32,China
430,Edgar,Siddon,esiddonbx@google.co.jp,Male,31.175.75.36,941.39,China
431,Bjorn,Reis,breisby@blogs.com,Male,152.195.193.37,477.91,Sweden
432,Tedd,Erdely,terdelybz@opera.com,Male,35.63.246.249,726.12,Russia
433,Roslyn,Cumber,rcumberc0@opensource.org,Female,34.178.222.232,5.32,Russia
434,Sheree,Duferie,sduferiec1@reference.com,Female,48.43.211.254,652.52,Colombia
435,Gallard,Trafford,gtraffordc2@theglobeandmail.com,Male,160.163.173.70,249.37,Brazil
436,Felipa,Newling,fnewlingc3@scribd.com,Female,71.208.253.82,324.92,Croatia
437,Benjy,Hyndson,bhyndsonc4@bizjournals.com,Male,156.52.47.234,160.01,China
438,Hinze,Frankom,hfrankomc5@omniture.com,Male,187.190.113.173,374.84,Ukraine
439,Nara,Creeboe,ncreeboec6@webeden.co.uk,Female,35.143.151.142,593.69,Greece
440,Odette,Bagnold,obagnoldc7@istockphoto.com,Female,150.34.174.166,632.72,Honduras
441,Muhammad,Parvin,mparvinc8@google.com.au,Male,111.15.115.242,40.45,Ghana
442,Desdemona,Blackney,dblackneyc9@amazon.co.uk,Female,164.75.49.217,121.26,Indonesia
443,Port,Wolton,pwoltonca@nifty.com,Male,194.90.124.92,742.56,Brazil
444,Doria,Avraham,davrahamcb@blog.com,Female,79.68.166.206,683.49,Croatia
445,Charline,Alderwick,calderwickcc@opensource.org,Female,110.57.252.148,173.17,Portugal
446,Winnah,Hatterslay,whatterslaycd@bloglines.com,Female,24.9.202.142,630.6,Nigeria
447,Rhys,Fardo,rfardoce@privacy.gov.au,Male,17.147.79.77,969.93,Tanzania
448,Ally,Lamprecht,alamprechtcf@comsenz.com,Female,145.138.25.170,360.16,China
449,Katerine,Hagland,khaglandcg@guardian.co.uk,Female,13.179.78.162,968.07,Kyrgyzstan
450,Sacha,Beswell,sbeswellch@answers.com,Female,204.226.182.183,601.2,Jordan
451,Evonne,Pentland,epentlandci@msu.edu,Female,241.59.75.95,710.8,China
452,Addie,Coath,acoathcj@archive.org,Female,170.156.120.136,137.98,France
453,Bertram,Corrie,bcorrieck@furl.net,Male,246.222.228.156,215.94,Gambia
454,Juli,Wilber,jwilbercl@wikimedia.org,Female,132.169.35.148,298.06,Philippines
455,Renado,Carlan,rcarlancm@mozilla.org,Male,70.156.230.212,33.58,Russia
456,Kevan,Bale,kbalecn@e-recht24.de,Male,204.253.249.213,704.8,China
457,Ardelis,Sive,asiveco@ibm.com,Female,181.227.188.165,158.89,Burkina Faso
458,Charlean,Lofts,cloftscp@123-reg.co.uk,Female,198.100.17.93,89.55,Portugal
459,Burnard,Workes,bworkescq@csmonitor.com,Male,30.190.192.228,622.74,China
460,Carolus,Klinck,cklinckcr@t.co,Male,82.185.219.165,721.92,Nigeria
461,Nevil,Ovid,novidcs@hugedomains.com,Male,139.21.229.10,161.96,China
462,Niki,Gillimgham,ngillimghamct@ftc.gov,Male,157.199.85.183,881.83,Japan
463,Linnell,Ateggart,lateggartcu@webeden.co.uk,Female,95.201.14.3,552.72,France
464,Austina,Casham,acashamcv@unesco.org,Female,8.69.140.152,592.47,Indonesia
465,Angelita,Ingley,aingleycw@reverbnation.com,Female,171.238.128.4,808.16,Argentina
466,Vaclav,McConnel,vmcconnelcx@cbsnews.com,Male,19.104.133.141,770.89,El Salvador
467,Susana,Sinton,ssintoncy@typepad.com,Female,116.58.165.240,417.46,Indonesia
468,Pooh,Lynagh,plynaghcz@usa.gov,Female,150.154.238.183,335.31,Guatemala
469,Gabe,Slater,gslaterd0@intel.com,Male,218.196.9.40,368.85,Russia
470,Constantina,Tidy,ctidyd1@admin.ch,Female,216.29.43.102,547.9,Russia
471,Marijo,Halshaw,mhalshawd2@flavors.me,Female,12.114.11.215,313.35,Ukraine
472,Olva,Lau,olaud3@tiny.cc,Female,212.52.22.51,920.89,Indonesia
473,Allie,Demanche,ademanched4@moonfruit.com,Female,229.249.221.155,420.42,Afghanistan
474,Arliene,Keays,akeaysd5@discuz.net,Female,46.150.205.50,826.11,China
475,Wendi,Creany,wcreanyd6@unicef.org,Female,215.191.222.95,679.45,Peru
476,Anstice,Snell,asnelld7@blogspot.com,Female,112.38.12.50,197.25,Vietnam
477,Miles,Steckings,msteckingsd8@1688.com,Male,109.207.12.6,765.52,Latvia
478,Cordi,Klemensiewicz,cklemensiewiczd9@jiathis.com,Female,253.122.173.240,596.87,Latvia
479,Mable,Vickerstaff,mvickerstaffda@nbcnews.com,Female,243.19.42.246,324.44,China
480,Raynor,Fonteyne,rfonteynedb@woothemes.com,Male,4.127.171.135,571.78,Sweden
481,Sybila,Croney,scroneydc@webeden.co.uk,Female,192.238.82.83,942.73,Indonesia
482,Gwenni,Branney,gbranneydd@cisco.com,Female,201.57.117.169,832.84,China
483,Orran,Jarman,ojarmande@w3.org,Male,55.126.209.85,849.49,Poland
484,Lesya,Darton,ldartondf@gnu.org,Female,9.144.69.60,556.91,Czech Republic
485,Chrisse,Genge,cgengedg@google.de,Male,23.218.104.105,908.67,Lithuania
486,Aloysia,Torrans,atorransdh@gnu.org,Female,155.149.45.14,590.11,Kenya
487,Lawry,Wantling,lwantlingdi@fda.gov,Male,242.139.137.164,241.11,Indonesia
488,Maxy,Basso,mbassodj@princeton.edu,Male,162.245.219.30,94.01,Uganda
489,Lem,Piers,lpiersdk@yahoo.co.jp,Male,238.89.132.250,709.74,Philippines
490,Eugenius,Renyard,erenyarddl@netlog.com,Male,223.45.211.248,144.16,Poland
491,Cilka,Jagger,cjaggerdm@engadget.com,Female,188.99.22.49,84.66,Seychelles
492,Aubrey,Toope,atoopedn@scientificamerican.com,Female,34.248.228.20,476.49,Portugal
493,Ewan,Mattschas,emattschasdo@yelp.com,Male,37.145.232.38,830.89,Philippines
494,Filbert,Cameli,fcamelidp@cornell.edu,Male,87.89.103.210,796.89,Indonesia
495,Katuscha,Crewther,kcrewtherdq@bandcamp.com,Female,11.52.222.198,107.27,Zambia
496,Eugen,Benadette,ebenadettedr@reverbnation.com,Male,146.248.215.80,56.25,United States
497,Susan,Busch,sbuschds@wsj.com,Female,110.59.153.66,817.15,Portugal
498,Savina,Drewett,sdrewettdt@histats.com,Female,164.186.47.91,662.49,Sri Lanka
499,Clyve,Gellibrand,cgellibranddu@ed.gov,Male,183.74.66.92,267.48,New Zealand
500,Collie,Privett,cprivettdv@slate.com,Female,106.107.241.111,411.1,China
501,Elke,McGoon,emcgoondw@over-blog.com,Female,84.104.64.112,214.79,Albania
502,Vevay,Geldart,vgeldartdx@mac.com,Female,130.180.129.229,47.87,China
503,Vanya,Bouch,vbouchdy@hp.com,Female,160.130.85.231,779.31,Palestinian Territory
504,Claudius,Diss,cdissdz@webs.com,Male,14.223.254.174,427.99,Finland
505,Tansy,Deadman,tdeadmane0@archive.org,Female,188.123.171.217,341.42,China
506,Filberto,Abramovitz,fabramovitze1@imgur.com,Male,184.96.234.28,255.99,Russia
507,Calhoun,Bewley,cbewleye2@vk.com,Male,17.238.136.131,976.88,Czech Republic
508,Hasheem,Lafayette,hlafayettee3@ca.gov,Male,86.227.72.125,941.8,Samoa
509,Kakalina,Strick,kstricke4@si.edu,Female,255.172.3.254,344.59,Cyprus
510,Lorna,Ranking,lrankinge5@dropbox.com,Female,202.94.83.132,588.27,Azerbaijan
511,Ree,Senescall,rsenescalle6@google.com,Female,106.65.222.183,721.11,Indonesia
512,Yanaton,Lamping,ylampinge7@sogou.com,Male,169.38.55.74,827.71,Poland
513,Wilmette,Everall,weveralle8@go.com,Female,16.75.43.54,302.0,China
514,Janek,Pooly,jpoolye9@instagram.com,Male,112.217.202.209,141.15,Canada
515,Osborn,Pringuer,opringuerea@paginegialle.it,Male,54.196.146.218,214.23,Malaysia
516,Jodi,Jozefowicz,jjozefowiczeb@va.gov,Male,28.215.57.185,328.95,Uganda
517,Mattias,Ruddoch,mruddochec@squidoo.com,Male,176.16.24.80,646.41,China
518,Artemus,Duggon,aduggoned@thetimes.co.uk,Male,103.143.72.143,621.28,Albania
519,Roddie,Pymm,rpymmee@e-recht24.de,Male,94.87.27.67,687.88,Dominican Republic
520,Nananne,Romeo,nromeoef@rakuten.co.jp,Female,99.255.223.241,18.86,China
521,Mata,Grinnell,mgrinnelleg@ibm.com,Male,41.36.9.135,57.71,Canada
522,Jeffry,Simeone,jsimeoneeh@unc.edu,Male,110.54.89.160,731.14,Colombia
523,Melisenda,Garric,mgarricei@sina.com.cn,Female,235.217.245.58,652.98,Sweden
524,Darren,Deftie,ddeftieej@auda.org.au,Male,131.15.110.175,675.64,Peru
525,Wilmer,Slobom,wslobomek@dagondesign.com,Male,125.115.149.229,807.0,China
526,Jozef,Farries,jfarriesel@over-blog.com,Male,47.236.206.181,13.23,Russia
527,Filip,Alsopp,falsoppem@geocities.com,Male,37.141.116.65,888.95,Sierra Leone
528,Van,Neiland,vneilanden@parallels.com,Female,49.141.44.65,626.34,China
529,Nola,Tunaclift,ntunaclifteo@list-manage.com,Female,82.108.197.47,488.25,Peru
530,Octavia,Tumielli,otumielliep@freewebs.com,Female,97.241.97.203,350.37,Indonesia
531,Aubree,Brotherheed,abrotherheedeq@reference.com,Female,18.82.202.29,831.44,Nicaragua
532,Vivi,Stollsteimer,vstollsteimerer@abc.net.au,Female,132.219.52.76,149.17,Portugal
533,Gaile,Samsin,gsamsines@fastcompany.com,Male,222.146.159.127,23.25,China
534,Diann,Oaker,doakeret@scribd.com,Female,224.225.245.53,942.59,Colombia
535,Perice,McCorrie,pmccorrieeu@indiegogo.com,Male,150.18.24.220,409.84,China
536,Vida,Skuse,vskuseev@360.cn,Female,120.131.86.33,636.07,China
537,Arlana,Duffield,aduffieldew@miibeian.gov.cn,Female,137.198.62.5,700.81,Togo
538,Brook,Oldall,boldallex@illinois.edu,Female,249.92.233.242,593.8,Portugal
539,Hobie,St Louis,hstlouisey@netscape.com,Male,137.161.226.212,678.23,Indonesia
540,Niels,Sciacovelli,nsciacovelliez@goo.ne.jp,Male,224.79.246.54,847.96,Belarus
541,Lidia,Tirkin,ltirkinf0@blogger.com,Female,5.71.129.40,75.95,China
542,Colly,Worviell,cworviellf1@elegantthemes.com,Female,52.51.83.112,851.14,Philippines
543,Silvester,Sandercock,ssandercockf2@gov.uk,Male,26.15.251.193,727.95,Colombia
544,Mikol,Jochens,mjochensf3@yellowbook.com,Male,143.225.110.62,866.09,Ukraine
545,Eleanora,Timbridge,etimbridgef4@wunderground.com,Female,117.117.55.20,367.9,France
546,Janek,Barras,jbarrasf5@ted.com,Male,239.49.206.4,194.99,Moldova
547,Allys,Veelers,aveelersf6@patch.com,Female,25.157.132.64,499.6,United States
548,Dale,Naper,dnaperf7@squarespace.com,Female,134.219.120.76,397.88,Saudi Arabia
549,Annice,Kincey,akinceyf8@nationalgeographic.com,Female,86.64.183.49,320.95,Indonesia
550,Abdul,Aronovitz,aaronovitzf9@tripadvisor.com,Male,17.237.134.14,972.54,China
551,Niels,Serotsky,nserotskyfa@hibu.com,Male,18.151.10.136,140.49,Brazil
552,Jorry,Towe,jtowefb@wordpress.com,Female,51.65.87.236,86.04,Palestinian Territory
553,Perkin,Quarrie,pquarriefc@toplist.cz,Male,222.191.130.145,612.06,Philippines
554,Mariele,Grigolli,mgrigollifd@pcworld.com,Female,11.50.117.184,516.13,Iran
555,Margy,George,mgeorgefe@furl.net,Female,35.72.127.225,381.77,China
556,Aridatha,Colmore,acolmoreff@java.com,Female,47.47.141.219,584.08,Russia
557,Lawrence,Waddell,lwaddellfg@dion.ne.jp,Male,225.2.25.124,615.56,Egypt
558,Jelene,Gilligan,jgilliganfh@fastcompany.com,Female,139.30.233.162,877.17,China
559,Harold,Rochelle,hrochellefi@g.co,Male,161.169.13.32,529.67,Japan
560,Domenic,Maro,dmarofj@weebly.com,Male,231.129.66.239,172.2,Iran
561,Nikaniki,Eayrs,neayrsfk@hostgator.com,Female,51.0.18.208,348.09,Finland
562,Glennie,Cleen,gcleenfl@vkontakte.ru,Female,165.168.59.235,696.0,Philippines
563,Jackie,Pearcehouse,jpearcehousefm@dailymail.co.uk,Female,33.67.136.137,634.63,France
564,Ulrick,Goldingay,ugoldingayfn@sina.com.cn,Male,220.244.7.216,734.67,China
565,Hodge,Liger,hligerfo@imgur.com,Male,36.192.168.117,476.36,Mexico
566,Rolland,Klaus,rklausfp@flickr.com,Male,145.116.158.97,383.37,Ukraine
567,Timmy,Irons,tironsfq@ebay.com,Female,245.160.18.201,763.03,Russia
568,Lazar,Donke,ldonkefr@sogou.com,Male,6.118.148.247,324.35,Italy
569,Alayne,Tinghill,atinghillfs@biglobe.ne.jp,Female,234.122.210.193,75.13,China
570,Bonnibelle,Clerc,bclercft@redcross.org,Female,54.231.87.37,134.74,Paraguay
571,Kym,Vedenyapin,kvedenyapinfu@engadget.com,Female,65.208.241.75,952.27,Malaysia
572,Jodi,Welchman,jwelchmanfv@mediafire.com,Male,135.140.18.126,619.11,Indonesia
573,Tiffy,Ruppel,truppelfw@reverbnation.com,Female,34.100.254.87,426.35,Brazil
574,Rabi,Sazio,rsaziofx@answers.com,Male,94.163.118.65,974.01,Botswana
575,Sharia,Farncombe,sfarncombefy@google.de,Female,81.18.53.48,286.78,Bangladesh
576,Bart,Seebright,bseebrightfz@kickstarter.com,Male,42.220.196.226,322.12,Japan
577,Emlyn,Bruhnicke,ebruhnickeg0@wordpress.com,Male,127.216.72.144,684.07,Syria
578,Davin,Withrington,dwithringtong1@marriott.com,Male,21.212.164.237,550.52,United States
579,Brandice,Eich,beichg2@vistaprint.com,Female,34.34.31.15,746.01,China
580,Ike,Chimienti,ichimientig3@gravatar.com,Male,22.51.53.209,766.55,Greenland
581,Cord,De la Yglesia,cdelayglesiag4@huffingtonpost.com,Male,68.138.138.148,814.43,Panama
582,Fleur,Fincham,ffinchamg5@twitpic.com,Female,65.243.53.103,657.5,China
583,Carr,Zavattiero,czavattierog6@hao123.com,Male,151.145.115.226,646.73,Brazil
584,Inigo,Iacivelli,iiacivellig7@jigsy.com,Male,124.16.157.176,927.76,Russia
585,Yvonne,Brecon,ybrecong8@sphinn.com,Female,150.23.239.138,832.59,Paraguay
586,Jaime,Walder,jwalderg9@cornell.edu,Female,33.18.220.41,733.95,Argentina
587,Amelina,Heare,ahearega@google.com.br,Female,7.16.33.250,765.43,Philippines
588,Brannon,Clew,bclewgb@amazon.co.jp,Male,44.209.212.90,204.47,Bosnia and Herzegovina
589,Grove,Bulward,gbulwardgc@mozilla.com,Male,13.249.126.136,459.22,China
590,Gino,Blore,gbloregd@aol.com,Male,199.203.211.136,649.86,Indonesia
591,Katey,Infantino,kinfantinoge@marriott.com,Female,240.72.142.241,670.39,Indonesia
592,Sile,Ames,samesgf@unesco.org,Female,13.14.74.121,264.34,France
593,Martha,Henryson,mhenrysongg@topsy.com,Female,199.49.127.114,338.0,Taiwan
594,Gilli,Hanes,ghanesgh@qq.com,Female,40.213.242.163,758.24,Uruguay
595,Daria,Yearn,dyearngi@jigsy.com,Female,185.85.25.49,171.93,United States
596,Francine,Clulee,fcluleegj@yelp.com,Female,136.130.156.73,540.97,Russia
597,Oby,Fulmen,ofulmengk@slideshare.net,Male,207.216.105.141,286.77,Nigeria
598,Jeffy,Oaks,joaksgl@mit.edu,Male,59.242.88.144,36.04,China
599,Hermina,Ewert,hewertgm@weebly.com,Female,148.199.51.106,662.84,China
600,Egan,Denisot,edenisotgn@wikimedia.org,Male,144.22.127.50,730.19,China
601,Lambert,Hurburt,lhurburtgo@dailymotion.com,Male,110.5.194.30,698.82,United States
602,Peyter,Dicey,pdiceygp@pinterest.com,Male,240.40.130.44,837.9,Poland
603,Lea,Gonneau,lgonneaugq@reference.com,Female,59.117.87.170,705.27,Jamaica
604,Essy,Greenroyd,egreenroydgr@ifeng.com,Female,82.0.5.149,562.47,Poland
605,Cary,Thouless,cthoulessgs@hc360.com,Male,148.44.36.247,809.02,France
606,Allistir,Bezants,abezantsgt@whitehouse.gov,Male,228.201.91.240,989.2,Sweden
607,Heinrik,Humbey,hhumbeygu@rediff.com,Male,11.66.129.129,881.52,Greece
608,Andree,Maciocia,amaciociagv@newsvine.com,Female,52.62.223.185,256.74,China
609,Thorny,Cleator,tcleatorgw@hud.gov,Male,133.74.199.222,718.9,France
610,Delmer,Armall,darmallgx@seesaa.net,Male,145.154.144.57,109.6,French Polynesia
611,Rob,Van der Linde,rvanderlindegy@1688.com,Male,1.122.167.95,156.73,Portugal
612,Lothaire,Milburn,lmilburngz@msu.edu,Male,209.21.141.62,497.8,Indonesia
613,Fidelia,Sposito,fspositoh0@archive.org,Female,194.254.114.26,753.48,Netherlands
614,Salvador,Ogborn,sogbornh1@ibm.com,Male,22.48.216.42,597.05,China
615,Chad,Aynscombe,caynscombeh2@twitpic.com,Male,207.76.221.214,966.89,Philippines
616,Leo,Shrigley,lshrigleyh3@imageshack.us,Male,36.180.61.92,388.86,Jamaica
617,Kinna,Carslake,kcarslakeh4@independent.co.uk,Female,47.45.178.230,166.12,Russia
618,Hannie,Woodage,hwoodageh5@yahoo.com,Female,189.187.187.81,120.74,Colombia
619,Jorge,Magner,jmagnerh6@nbcnews.com,Male,35.87.119.75,746.1,Ethiopia
620,Frayda,Burde,fburdeh7@mapy.cz,Female,84.205.65.243,694.17,Indonesia
621,Bendicty,Kernoghan,bkernoghanh8@archive.org,Male,194.253.104.238,735.92,Nicaragua
622,Kania,Siggs,ksiggsh9@intel.com,Female,4.147.157.226,881.38,Russia
623,Izak,Newstead,inewsteadha@reuters.com,Male,210.30.153.25,598.05,China
624,Brnaby,Faustian,bfaustianhb@icio.us,Male,27.215.130.114,691.93,Thailand
625,Paulo,Simounet,psimounethc@businessweek.com,Male,134.149.98.115,712.04,Ukraine
626,Juli,Moss,jmosshd@ibm.com,Female,101.234.199.175,200.7,Chile
627,Bastien,Pena,bpenahe@vistaprint.com,Male,231.200.134.45,2.46,France
628,Dollie,Balaison,dbalaisonhf@is.gd,Female,136.252.33.89,814.77,Paraguay
629,Genvieve,Zarfati,gzarfatihg@fastcompany.com,Female,253.243.58.176,313.65,Israel
630,Nanni,Mountford,nmountfordhh@bandcamp.com,Female,68.162.18.193,652.99,Mongolia
631,Tiebold,Clouter,tclouterhi@skyrock.com,Male,41.164.113.195,401.08,Nauru
632,Boonie,Delacour,bdelacourhj@bbc.co.uk,Male,10.192.67.40,73.11,Azerbaijan
633,Willamina,Crutcher,wcrutcherhk@toplist.cz,Female,117.184.72.234,994.68,Lebanon
634,Brooks,Onele,bonelehl@admin.ch,Male,5.188.161.109,605.16,Turkmenistan
635,Bettye,Agglione,bagglionehm@csmonitor.com,Female,172.52.14.25,926.72,Philippines
636,Mable,Durrad,mdurradhn@reference.com,Female,32.222.27.213,59.03,Russia
637,Diandra,Blasius,dblasiusho@nydailynews.com,Female,42.184.99.2,109.55,Brazil
638,Tilly,Durdy,tdurdyhp@wisc.edu,Female,132.44.161.235,193.75,Greece
639,Celeste,Burgot,cburgothq@hp.com,Female,48.232.32.119,516.15,Philippines
640,Hedwiga,Breston,hbrestonhr@freewebs.com,Female,238.235.239.151,875.61,China
641,Riccardo,Spurrett,rspurretths@com.com,Male,99.56.228.160,153.05,Macao
642,Kippy,Rattenbury,krattenburyht@lulu.com,Female,237.127.153.142,438.64,Madagascar
643,Christin,La Torre,clatorrehu@theglobeandmail.com,Female,190.159.174.57,527.86,Portugal
644,Sammy,Dericot,sdericothv@wordpress.com,Female,211.51.130.167,742.72,China
645,Stanton,Inglesant,singlesanthw@jiathis.com,Male,228.246.160.97,296.35,Colombia
646,Normy,Labdon,nlabdonhx@umich.edu,Male,112.152.50.53,669.67,Luxembourg
647,Michelle,Balffye,mbalffyehy@arizona.edu,Female,51.217.190.21,333.85,Albania
648,Quentin,Wessell,qwessellhz@hao123.com,Male,6.180.27.93,617.15,Peru
649,Aida,Zannelli,azannellii0@ca.gov,Female,208.81.55.237,119.76,France
650,Erika,Dan,edani1@craigslist.org,Female,177.192.46.30,96.58,Indonesia
651,Zia,Garbett,zgarbetti2@issuu.com,Female,63.132.229.28,631.39,Iran
652,Cchaddie,Treher,ctreheri3@berkeley.edu,Male,165.90.168.227,745.07,Vietnam
653,Peyter,Readitt,preaditti4@com.com,Male,158.7.123.166,895.48,Argentina
654,Liz,Ashbey,lashbeyi5@imgur.com,Female,213.246.234.136,475.45,Estonia
655,Wilfrid,Nevin,wnevini6@newsvine.com,Male,175.32.22.229,368.09,Croatia
656,Ealasaid,Boskell,eboskelli7@github.io,Female,242.40.243.11,360.32,Tanzania
657,Judah,Adess,jadessi8@ehow.com,Male,220.217.23.148,53.1,China
658,Sigmund,Berthod,sberthodi9@gov.uk,Male,165.94.72.230,692.78,Colombia
659,Ardella,Wolstenholme,awolstenholmeia@hatena.ne.jp,Female,54.156.224.106,832.68,Poland
660,Erhart,Masterton,emastertonib@paypal.com,Male,13.228.90.198,919.17,China
661,Eduardo,Simkins,esimkinsic@pagesperso-orange.fr,Male,17.5.133.73,336.49,Nepal
662,Kerry,Lukianov,klukianovid@ask.com,Male,30.82.82.171,732.34,Thailand
663,John,Lisciandri,jlisciandriie@nba.com,Male,71.67.220.241,294.08,Canada
664,Granger,Labbe,glabbeif@ox.ac.uk,Male,79.165.212.215,96.13,Indonesia
665,Chase,Bleacher,cbleacherig@deliciousdays.com,Male,17.244.6.72,438.03,Indonesia
666,Tessa,Gartsyde,tgartsydeih@nba.com,Female,192.33.15.212,122.63,France
667,Matteo,Eyeington,meyeingtonii@myspace.com,Male,248.162.45.108,778.71,Sudan
668,Mari,Ledrun,mledrunij@amazon.co.jp,Female,48.235.21.243,807.78,Indonesia
669,Roderich,Archbell,rarchbellik@taobao.com,Male,100.51.195.199,863.05,Philippines
670,Dael,Dominy,ddominyil@un.org,Female,48.185.30.98,277.56,China
671,Adelice,Gonzales,agonzalesim@lulu.com,Female,248.136.236.69,111.24,Ukraine
672,Mellicent,Georgiev,mgeorgievin@geocities.jp,Female,43.94.22.238,517.5,China
673,Ban,Bodycombe,bbodycombeio@google.com.hk,Male,24.150.183.152,389.4,China
674,Butch,Mundy,bmundyip@nyu.edu,Male,64.39.171.119,330.17,Portugal
675,Marji,Canby,mcanbyiq@exblog.jp,Female,106.133.94.182,998.5,Venezuela
676,Callie,Presshaugh,cpresshaughir@yandex.ru,Female,131.184.35.96,372.35,Nicaragua
677,Thacher,Orpwood,torpwoodis@yandex.ru,Male,65.102.245.188,689.16,Guatemala
678,Doria,Tinklin,dtinklinit@photobucket.com,Female,129.139.191.134,9.63,China
679,Jennee,Abramino,jabraminoiu@amazonaws.com,Female,130.158.86.15,777.38,Italy
680,Noak,Askham,naskhamiv@hc360.com,Male,159.166.157.72,313.71,Greece
681,Valentino,Nester,vnesteriw@imageshack.us,Male,71.30.220.129,725.67,Russia
682,Cobbie,Assard,cassardix@admin.ch,Male,167.29.44.195,58.35,United States
683,Lisle,Trippick,ltrippickiy@diigo.com,Male,37.30.129.66,638.13,France
684,Vachel,Iorns,viornsiz@edublogs.org,Male,210.138.84.214,514.73,Indonesia
685,Mead,Canland,mcanlandj0@pagesperso-orange.fr,Male,247.78.218.126,424.77,Poland
686,Philip,Dawkins,pdawkinsj1@msu.edu,Male,238.246.55.123,118.31,Argentina
687,Albertina,Andrioni,aandrionij2@domainmarket.com,Female,140.128.253.242,616.31,Poland
688,Maxwell,Winskill,mwinskillj3@addthis.com,Male,134.46.38.189,616.33,China
689,Courtney,Giorgetti,cgiorgettij4@de.vu,Female,101.32.108.80,844.35,Indonesia
690,Shandee,Manis,smanisj5@vinaora.com,Female,98.26.141.124,154.27,Peru
691,Tabb,Willmer,twillmerj6@slashdot.org,Male,69.131.135.45,926.22,Vanuatu
692,Guglielmo,Tack,gtackj7@pbs.org,Male,194.151.130.32,581.23,Portugal
693,Concettina,Jaszczak,cjaszczakj8@marketwatch.com,Female,43.45.46.96,799.53,Indonesia
694,Chantal,Wolfendell,cwolfendellj9@state.gov,Female,87.138.215.73,69.99,Malaysia
695,Ermentrude,Guerry,eguerryja@gnu.org,Female,219.153.182.238,910.82,Russia
696,Lorelei,Quye,lquyejb@com.com,Female,202.205.90.181,624.96,Brazil
697,Nicky,Sculley,nsculleyjc@nba.com,Female,93.49.73.89,910.68,Ukraine
698,Madison,Vanns,mvannsjd@scientificamerican.com,Male,27.192.151.60,261.5,Slovenia
699,Ferdie,Ferreras,fferrerasje@elegantthemes.com,Male,161.67.7.252,937.64,Ukraine
700,Inesita,Parkin,iparkinjf@pinterest.com,Female,98.59.109.7,949.74,Greenland
701,Verile,Sugge,vsuggejg@telegraph.co.uk,Female,1.244.41.196,622.0,Cameroon
702,Annora,Kellogg,akelloggjh@github.io,Female,251.8.152.155,424.59,Philippines
703,Jolene,Astley,jastleyji@fema.gov,Female,42.28.157.183,890.36,Brazil
704,Kimberlee,Giacobillo,kgiacobillojj@xinhuanet.com,Female,248.190.227.212,892.47,Sweden
705,Dolli,Kment,dkmentjk@hexun.com,Female,209.2.120.222,715.76,China
706,Christoper,Dametti,cdamettijl@redcross.org,Male,32.153.220.142,936.63,China
707,Gloriane,Claypool,gclaypooljm@hubpages.com,Female,81.133.171.23,403.72,Russia
708,Holden,Mazella,hmazellajn@addthis.com,Male,166.13.79.11,203.79,Greece
709,Patricia,Sangwine,psangwinejo@marriott.com,Female,210.102.38.34,222.54,Colombia
710,Renate,Humphrys,rhumphrysjp@dyndns.org,Female,165.119.50.232,692.53,France
711,Tandie,Faulds,tfauldsjq@samsung.com,Female,70.43.229.214,556.29,China
712,Tammi,Bratty,tbrattyjr@mozilla.org,Female,174.188.200.218,950.05,China
713,Anabel,Spellman,aspellmanjs@blogtalkradio.com,Female,246.160.123.89,953.63,Indonesia
714,Duffie,Ciciari,dciciarijt@weibo.com,Male,20.181.127.28,804.78,Indonesia
715,Yves,MacCorkell,ymaccorkellju@mysql.com,Male,144.37.23.12,664.04,Russia
716,Frasier,Grix,fgrixjv@etsy.com,Male,108.19.181.7,622.03,Mexico
717,Leyla,Grigori,lgrigorijw@twitpic.com,Female,231.91.185.85,803.12,Nicaragua
718,Larry,Stride,lstridejx@unblog.fr,Male,191.216.91.67,506.97,China
719,Karlis,Stares,kstaresjy@ca.gov,Male,243.149.35.215,455.06,Australia
720,Jocelyn,Jakuszewski,jjakuszewskijz@hugedomains.com,Female,214.78.20.238,648.43,China
721,Bianca,Cushelly,bcushellyk0@goodreads.com,Female,173.94.9.19,321.72,Brazil
722,Derril,Malimoe,dmalimoek1@ameblo.jp,Male,191.147.108.13,595.64,Ukraine
723,Yorke,Horley,yhorleyk2@istockphoto.com,Male,33.17.195.97,662.52,Mexico
724,Warde,Heine,wheinek3@hp.com,Male,19.187.20.16,268.09,Philippines
725,Vlad,Cullerne,vcullernek4@narod.ru,Male,171.133.94.86,969.43,Czech Republic
726,Godfry,Shird,gshirdk5@barnesandnoble.com,Male,220.116.255.171,723.83,United States
727,Shawn,Jedrzejczyk,sjedrzejczykk6@wix.com,Female,246.195.169.254,565.16,Portugal
728,Monroe,Wilcot,mwilcotk7@mayoclinic.com,Male,44.135.55.225,471.76,China
729,Ernesto,Molines,emolinesk8@comsenz.com,Male,246.24.251.224,340.71,Mauritius
730,Wilt,Mosey,wmoseyk9@omniture.com,Male,41.138.221.165,692.31,Greece
731,Torrance,McCague,tmccagueka@blog.com,Male,165.127.21.134,23.8,Portugal
732,Moina,Baynham,mbaynhamkb@twitter.com,Female,197.240.196.93,336.68,China
733,Erwin,Pisco,episcokc@umn.edu,Male,162.48.232.106,787.36,Japan
734,Humbert,Goozee,hgoozeekd@hhs.gov,Male,238.121.120.167,723.19,China
735,Thibaut,Grelik,tgrelikke@guardian.co.uk,Male,198.192.203.81,674.28,United States
736,Prudi,McPolin,pmcpolinkf@sakura.ne.jp,Female,140.64.193.154,812.88,Poland
737,Victor,Denzilow,vdenzilowkg@fotki.com,Male,40.252.46.22,576.1,Russia
738,Feliza,Royste,froystekh@fda.gov,Female,35.245.214.42,439.93,Bulgaria
739,Dougy,Krojn,dkrojnki@ning.com,Male,76.15.236.136,306.92,China
740,Sherwood,Scanlan,sscanlankj@com.com,Male,67.138.62.53,506.59,Slovenia
741,Gearalt,McLeod,gmcleodkk@bloglovin.com,Male,92.113.80.141,415.62,Comoros
742,Skip,Stainland,sstainlandkl@mapy.cz,Male,103.69.150.243,752.59,Myanmar
743,Mendie,Murkus,mmurkuskm@cloudflare.com,Male,254.118.28.229,973.91,Indonesia
744,Case,Jerschke,cjerschkekn@cloudflare.com,Male,181.236.146.168,734.58,Solomon Islands
745,Hedwiga,Michieli,hmichieliko@abc.net.au,Female,157.98.45.136,108.36,Ukraine
746,Amalee,Giacometti,agiacomettikp@geocities.com,Female,237.25.146.254,148.08,Tanzania
747,Rycca,Genicke,rgenickekq@plala.or.jp,Female,172.40.243.75,275.75,Indonesia
748,Hinze,Whatman,hwhatmankr@smugmug.com,Male,176.229.126.229,835.7,Greece
749,Bert,Damrell,bdamrellks@shareasale.com,Female,24.156.151.164,989.75,Panama
750,Dickie,Budnk,dbudnkkt@wix.com,Male,109.198.172.77,411.06,China
751,Madelle,Siberry,msiberryku@foxnews.com,Female,76.185.138.73,402.31,Austria
752,Ursuline,McComb,umccombkv@bigcartel.com,Female,145.145.134.80,461.2,Poland
753,Garwin,Philipsen,gphilipsenkw@shinystat.com,Male,51.192.239.58,85.0,Sweden
754,Freddy,Verdon,fverdonkx@ucsd.edu,Female,34.142.6.46,534.13,China
755,Bidget,Ledram,bledramky@home.pl,Female,66.54.115.107,741.07,China
756,Hanny,Crayker,hcraykerkz@cbslocal.com,Female,252.182.108.2,74.63,Peru
757,Carmelia,Calway,ccalwayl0@paypal.com,Female,163.227.197.241,292.29,Malawi
758,Ania,Ruusa,aruusal1@canalblog.com,Female,201.198.144.127,852.36,China
759,Lamar,McCallam,lmccallaml2@spotify.com,Male,111.67.112.248,47.24,China
760,Harmonia,Longhurst,hlonghurstl3@ning.com,Female,205.89.17.200,87.77,Cameroon
761,Jefferey,Sword,jswordl4@nature.com,Male,125.219.54.112,707.27,Ireland
762,Happy,Bezley,hbezleyl5@soup.io,Female,126.67.183.62,503.66,United States
763,Rockie,Jeandeau,rjeandeaul6@netvibes.com,Male,51.170.237.191,882.27,China
764,Kacey,Roebuck,kroebuckl7@uiuc.edu,Female,205.40.152.184,445.62,United States
765,Brien,Harriot,bharriotl8@umich.edu,Male,43.240.165.189,529.39,China
766,Sara-ann,Petchell,spetchelll9@amazon.de,Female,38.188.49.159,76.9,Thailand
767,Rudolph,Rentoll,rrentollla@joomla.org,Male,75.197.5.128,857.81,Poland
768,Arabele,Puffett,apuffettlb@naver.com,Female,104.227.163.134,965.53,China
769,Ruthanne,Weyman,rweymanlc@utexas.edu,Female,131.218.166.33,280.7,Indonesia
770,Natividad,Chirm,nchirmld@cnbc.com,Female,182.121.126.143,940.85,Ukraine
771,Faydra,Barkway,fbarkwayle@mit.edu,Female,74.70.66.160,815.58,Philippines
772,Darius,Harteley,dharteleylf@yale.edu,Male,155.63.177.8,760.2,China
773,Elvina,Bridge,ebridgelg@yahoo.co.jp,Female,72.247.153.233,232.71,Poland
774,Hurleigh,Elston,helstonlh@constantcontact.com,Male,22.124.45.47,338.84,Yemen
775,Chet,Gifkins,cgifkinsli@omniture.com,Male,53.159.150.228,189.96,South Korea
776,Aurie,Hartington,ahartingtonlj@oaic.gov.au,Female,221.249.126.205,5.39,Sweden
777,Babara,Taffurelli,btaffurellilk@paginegialle.it,Female,250.81.225.189,288.04,Uganda
778,Daisie,Bellsham,dbellshamll@macromedia.com,Female,214.192.220.69,79.97,France
779,Effie,Tutill,etutilllm@kickstarter.com,Female,137.153.186.156,375.3,United States
780,Shepard,Janouch,sjanouchln@flavors.me,Male,204.76.212.102,123.09,Armenia
781,Reynard,Vyse,rvyselo@reference.com,Male,212.12.32.109,768.58,Morocco
782,Lil,Kesper,lkesperlp@mapquest.com,Female,177.12.143.246,382.67,Brazil
783,Roxy,Looby,rloobylq@oracle.com,Female,41.183.92.191,366.06,Peru
784,Sasha,Kopec,skopeclr@latimes.com,Male,72.165.249.173,438.35,Philippines
785,Tripp,Barnewall,tbarnewallls@umich.edu,Male,139.252.18.17,588.37,Kazakhstan
786,Archy,Tsar,atsarlt@nasa.gov,Male,227.214.77.178,407.46,Ukraine
787,Janeen,Bubbings,jbubbingslu@desdev.cn,Female,115.35.227.100,328.04,Democratic Republic of the Congo
788,Nealon,Gower,ngowerlv@wp.com,Male,78.152.153.3,946.67,United States
789,Alfreda,Murrill,amurrilllw@cnbc.com,Female,211.59.28.23,526.37,Pakistan
790,Janith,Buggy,jbuggylx@webeden.co.uk,Female,174.170.177.135,498.06,Canada
791,Langsdon,Tweed,ltweedly@xinhuanet.com,Male,235.132.149.236,705.52,China
792,Truda,Broyd,tbroydlz@fc2.com,Female,145.71.45.3,548.02,Norway
793,Reggi,Drezzer,rdrezzerm0@technorati.com,Female,158.15.53.191,621.05,Tajikistan
794,Maitilde,De Vaan,mdevaanm1@house.gov,Female,76.26.52.86,388.25,Panama
795,Sullivan,Mannakee,smannakeem2@mapquest.com,Male,246.81.0.176,973.84,Ireland
796,Dona,Franken,dfrankenm3@so-net.ne.jp,Female,227.128.30.175,68.99,Philippines
797,Hew,Wilde,hwildem4@seesaa.net,Male,254.56.128.131,971.76,Nepal
798,Margo,Erett,merettm5@angelfire.com,Female,240.9.217.165,97.87,Philippines
799,Reiko,Hayball,rhayballm6@sina.com.cn,Female,51.128.14.148,388.7,Portugal
800,Louisette,Infantino,linfantinom7@csmonitor.com,Female,159.100.149.244,610.16,Portugal
801,Nell,Gunney,ngunneym8@cocolog-nifty.com,Female,143.142.199.135,423.92,Azerbaijan
802,Clyde,Skyrm,cskyrmm9@storify.com,Male,186.181.178.94,715.9,United States
803,Leonora,Pichmann,lpichmannma@newsvine.com,Female,8.35.184.17,292.77,Finland
804,Britta,Woolfenden,bwoolfendenmb@auda.org.au,Female,167.44.166.207,983.76,United States
805,Antoine,Ruddle,aruddlemc@berkeley.edu,Male,100.32.151.150,177.66,Syria
806,Hardy,Stagge,hstaggemd@reddit.com,Male,141.16.79.203,491.78,Ukraine
807,Miriam,Doniso,mdonisome@businessweek.com,Female,110.212.102.142,366.32,China
808,Cob,Suston,csustonmf@foxnews.com,Male,220.219.83.6,317.08,Honduras
809,Alene,Dawtre,adawtremg@ask.com,Female,49.148.52.198,584.19,Tajikistan
810,Michelina,Stoakley,mstoakleymh@boston.com,Female,93.229.142.6,431.23,Indonesia
811,Danice,Meehan,dmeehanmi@illinois.edu,Female,160.115.123.139,526.67,China
812,Florinda,Trethewey,ftretheweymj@economist.com,Female,164.34.220.242,110.18,Indonesia
813,Flemming,O'Hare,foharemk@freewebs.com,Male,165.228.197.91,789.11,Indonesia
814,Mae,Shawel,mshawelml@sourceforge.net,Female,2.140.65.223,912.64,Palestinian Territory
815,Regan,Edgin,redginmm@businesswire.com,Male,153.174.7.195,597.81,China
816,Boothe,Androli,bandrolimn@rediff.com,Male,153.44.47.59,512.95,China
817,Nadia,O'Hederscoll,nohederscollmo@independent.co.uk,Female,208.25.88.3,755.73,Canada
818,Manolo,Fri,mfrimp@google.co.jp,Male,172.252.156.21,460.74,Mexico
819,Rubie,Tink,rtinkmq@blogs.com,Female,136.150.44.117,746.22,France
820,Irwinn,Addinall,iaddinallmr@freewebs.com,Male,202.211.65.1,59.73,Portugal
821,Vittoria,Robiot,vrobiotms@t.co,Female,67.111.211.128,642.42,Philippines
822,Zoe,Marsay,zmarsaymt@unicef.org,Female,100.45.244.177,769.42,United Kingdom
823,Lida,Gerard,lgerardmu@topsy.com,Female,114.38.247.203,637.71,China
824,Cullie,Beavon,cbeavonmv@sbwire.com,Male,158.105.10.199,179.12,Russia
825,Thom,Raphael,traphaelmw@cbslocal.com,Male,55.194.58.101,555.32,China
826,Jennie,Michelin,jmichelinmx@altervista.org,Female,136.66.133.249,696.46,Argentina
827,Chickie,Ditchfield,cditchfieldmy@elegantthemes.com,Female,200.249.228.176,352.54,Sweden
828,Dar,McNeilly,dmcneillymz@hp.com,Male,6.37.214.152,118.44,Argentina
829,Astra,Trebbett,atrebbettn0@newyorker.com,Female,147.125.62.90,535.5,Indonesia
830,Boonie,Attlee,battleen1@ca.gov,Male,254.50.20.70,109.33,China
831,Brittani,Fortye,bfortyen2@patch.com,Female,104.120.219.63,661.23,Philippines
832,Dorry,Maberley,dmaberleyn3@github.io,Female,203.119.141.136,497.24,El Salvador
833,Jenda,Grinham,jgrinhamn4@goodreads.com,Female,142.38.148.151,701.12,Indonesia
834,Omero,Eldershaw,oeldershawn5@sitemeter.com,Male,23.241.170.142,453.98,Philippines
835,Killy,Dexter,kdextern6@hhs.gov,Male,45.167.131.194,294.5,China
836,Ginnifer,Cowherd,gcowherdn7@nps.gov,Female,248.79.121.116,211.99,Burkina Faso
837,Lowrance,Foucher,lfouchern8@google.com.hk,Male,53.140.210.58,606.24,Cuba
838,Silas,Farquarson,sfarquarsonn9@netvibes.com,Male,89.142.216.71,766.32,Poland
839,Ivie,Sire,isirena@pcworld.com,Female,100.225.122.159,956.71,Poland
840,Emelia,Cadney,ecadneynb@theatlantic.com,Female,78.137.204.43,603.17,Argentina
841,Rogers,Canniffe,rcanniffenc@t-online.de,Male,203.151.134.5,150.39,France
842,Baron,Drever,bdrevernd@bloglines.com,Male,2.138.56.66,389.22,Ukraine
843,Yance,Neles,ynelesne@clickbank.net,Male,245.204.228.0,518.59,Honduras
844,Stevana,Buckle,sbucklenf@unesco.org,Female,222.175.51.165,823.43,Peru
845,Gus,Chappelow,gchappelowng@usnews.com,Male,201.241.36.106,957.17,Brazil
846,Layton,Soldan,lsoldannh@unc.edu,Male,125.189.236.198,605.74,Philippines
847,Goran,Bortolotti,gbortolottini@privacy.gov.au,Male,18.142.168.17,936.4,Ukraine
848,Neilla,Duly,ndulynj@diigo.com,Female,53.73.241.62,850.98,Sweden
849,Chelsae,Brogden,cbrogdennk@hexun.com,Female,172.144.178.13,461.99,Philippines
850,Thomasine,Offa,toffanl@unc.edu,Female,79.62.198.211,392.81,Russia
851,Bradley,Grout,bgroutnm@sfgate.com,Male,17.16.242.255,744.02,China
852,Rozalie,Goldsack,rgoldsacknn@geocities.jp,Female,204.197.132.10,971.75,Thailand
853,Manya,Benediktsson,mbenediktssonno@newsvine.com,Female,111.245.206.54,321.99,Portugal
854,Lynda,Baxendale,lbaxendalenp@usgs.gov,Female,241.201.132.61,705.7,Ukraine
855,Trudy,Cockshtt,tcockshttnq@walmart.com,Female,117.13.35.120,39.54,Nigeria
856,Ban,Fahy,bfahynr@cafepress.com,Male,60.189.126.189,537.19,China
857,Auguste,Rendall,arendallns@senate.gov,Female,228.185.25.236,6.92,Mexico
858,Carmita,Hurdis,churdisnt@e-recht24.de,Female,75.246.124.22,500.4,Philippines
859,Katina,Eamer,keamernu@shareasale.com,Female,156.123.144.251,916.21,Bangladesh
860,Priscilla,Balshen,pbalshennv@wikimedia.org,Female,220.120.142.146,11.85,China
861,Ansel,Blanden,ablandennw@flavors.me,Male,10.59.176.70,976.68,Canada
862,Thia,Goede,tgoedenx@google.fr,Female,211.12.222.47,526.22,Estonia
863,Casi,Lyndon,clyndonny@simplemachines.org,Female,114.203.200.66,712.02,Portugal
864,Aeriell,Frome,afromenz@dell.com,Female,144.73.240.149,277.87,Indonesia
865,Andras,Iacovone,aiacovoneo0@economist.com,Male,236.161.38.172,140.42,Indonesia
866,Bendick,Shewan,bshewano1@github.io,Male,134.65.120.68,951.22,Portugal
867,Emmie,Carlesso,ecarlessoo2@prweb.com,Female,130.57.45.103,715.8,Norway
868,Spence,Stroder,sstrodero3@mozilla.org,Male,240.27.143.195,31.4,Philippines
869,Marlon,Bodycombe,mbodycombeo4@spiegel.de,Male,7.125.205.254,638.8,Argentina
870,Sonny,Kaming,skamingo5@amazon.co.uk,Female,226.10.246.165,389.11,Ecuador
871,Krissie,Struan,kstruano6@narod.ru,Female,117.244.214.181,852.34,Russia
872,Oliviero,Newham,onewhamo7@tumblr.com,Male,155.48.97.101,8.97,Iran
873,Burty,Giles,bgileso8@shareasale.com,Male,26.3.60.11,667.59,Croatia
874,Harlene,Larkcum,hlarkcumo9@gravatar.com,Female,32.44.134.202,680.0,Niger
875,Janifer,Stygall,jstygalloa@nba.com,Female,136.86.189.52,720.23,Ecuador
876,Jesse,Vasilic,jvasilicob@howstuffworks.com,Male,95.250.166.151,415.81,Portugal
877,Berni,McGonigle,bmcgonigleoc@squarespace.com,Female,197.65.27.19,896.72,China
878,Bell,Hollindale,bhollindaleod@mysql.com,Female,137.18.101.150,791.2,Mexico
879,Mickie,Aspinall,maspinalloe@mlb.com,Female,71.152.211.202,97.11,Philippines
880,Griffin,Petrushkevich,gpetrushkevichof@omniture.com,Male,202.206.230.84,663.89,China
881,Audry,Prevost,aprevostog@ning.com,Female,1.222.57.57,407.31,Czech Republic
882,Jay,Plevin,jplevinoh@spotify.com,Male,29.149.252.53,21.04,Indonesia
883,Tessie,Dorricott,tdorricottoi@ustream.tv,Female,125.160.83.29,945.66,Ukraine
884,Daron,Corse,dcorseoj@arstechnica.com,Female,250.71.61.254,931.7,Canada
885,Jarrett,Kesper,jkesperok@google.de,Male,146.242.255.82,424.54,Russia
886,Andreana,Budd,abuddol@omniture.com,Female,30.164.142.26,886.44,Poland
887,Rosamund,Matteoni,rmatteoniom@usgs.gov,Female,103.80.106.194,152.17,Philippines
888,Brandy,Plane,bplaneon@google.ru,Female,251.149.111.160,962.49,Indonesia
889,Jonell,Hauger,jhaugeroo@apache.org,Female,230.244.29.88,771.71,China
890,Elysia,Mawman,emawmanop@shop-pro.jp,Female,16.120.72.151,90.1,Indonesia
891,Frederique,Mansel,fmanseloq@goo.ne.jp,Female,196.20.190.96,288.71,Netherlands
892,Dacey,Janca,djancaor@list-manage.com,Female,191.24.187.141,339.58,South Africa
893,Gabi,Bugge,gbuggeos@photobucket.com,Male,56.65.54.144,21.67,Palestinian Territory
894,Boonie,Roston,brostonot@nasa.gov,Male,158.5.78.16,601.52,Indonesia
895,Drucy,Rawlings,drawlingsou@purevolume.com,Female,173.77.110.85,448.44,Bulgaria
896,Vikki,Eakle,veakleov@abc.net.au,Female,76.31.240.94,264.23,Macedonia
897,Aliza,Julien,ajulienow@economist.com,Female,111.20.91.136,481.54,China
898,Bucky,Brownlow,bbrownlowox@php.net,Male,118.83.165.142,704.05,Russia
899,Prentice,Busek,pbusekoy@theguardian.com,Male,19.174.9.97,305.4,Indonesia
900,Cleveland,Willishire,cwillishireoz@thetimes.co.uk,Male,57.101.244.124,379.48,Indonesia
901,Merrilee,Lorincz,mlorinczp0@nyu.edu,Female,242.88.141.104,700.71,Namibia
902,Georgie,Jaques,gjaquesp1@mozilla.org,Male,112.150.44.194,34.69,United Kingdom
903,Mathias,Nutman,mnutmanp2@businessinsider.com,Male,6.202.97.87,886.79,China
904,Mikaela,Huonic,mhuonicp3@hao123.com,Female,142.187.101.179,41.0,Bolivia
905,Stephi,Blissitt,sblissittp4@reference.com,Female,33.139.241.144,215.86,Indonesia
906,Xylina,Callender,xcallenderp5@biglobe.ne.jp,Female,214.148.63.233,703.44,France
907,Avrom,Raunds,araundsp6@comcast.net,Male,113.150.185.148,208.29,Philippines
908,Trudie,Gladstone,tgladstonep7@plala.or.jp,Female,249.125.167.254,225.08,Thailand
909,Verene,Maypowder,vmaypowderp8@vistaprint.com,Female,155.72.37.83,285.69,Portugal
910,Tulley,Clapison,tclapisonp9@engadget.com,Male,147.46.218.2,38.36,Indonesia
911,Wesley,Brazear,wbrazearpa@github.com,Male,100.225.210.32,156.95,China
912,Denyse,Falkner,dfalknerpb@narod.ru,Female,60.129.111.116,775.76,Finland
913,Misti,Humberstone,mhumberstonepc@slashdot.org,Female,101.47.174.238,634.98,Mexico
914,Giffer,Harroll,gharrollpd@woothemes.com,Male,31.185.128.120,815.19,Afghanistan
915,Melodie,Rugge,mruggepe@irs.gov,Female,136.192.195.218,384.11,Sweden
916,Killie,Saylor,ksaylorpf@ezinearticles.com,Male,160.213.239.148,259.64,Portugal
917,Nate,Kyneton,nkynetonpg@vkontakte.ru,Male,199.28.122.106,201.91,Russia
918,August,Stothard,astothardph@digg.com,Male,152.219.159.188,700.63,Uganda
919,Cyrille,Standbrook,cstandbrookpi@nationalgeographic.com,Male,195.155.156.244,527.47,Poland
920,Matilda,Tiffney,mtiffneypj@symantec.com,Female,49.138.80.119,406.83,Sierra Leone
921,Kimmie,Durham,kdurhampk@boston.com,Female,78.227.54.219,325.08,Greece
922,Evangelina,Sharville,esharvillepl@macromedia.com,Female,129.182.145.78,670.26,Philippines
923,Clarette,Waller,cwallerpm@instagram.com,Female,247.94.98.116,751.92,Poland
924,Caron,Gresham,cgreshampn@hp.com,Female,101.96.124.237,913.54,Guatemala
925,Marchelle,Bertin,mbertinpo@sciencedaily.com,Female,9.160.232.101,55.17,Russia
926,Amelia,Martland,amartlandpp@hc360.com,Female,79.254.62.124,15.4,China
927,Mercedes,Bryceson,mbrycesonpq@tiny.cc,Female,174.34.15.52,693.25,Brazil
928,Rodrick,Corser,rcorserpr@whitehouse.gov,Male,213.8.193.42,752.58,Russia
929,Domeniga,Warlaw,dwarlawps@cnet.com,Female,3.160.175.33,429.34,China
930,Glory,Kiddy,gkiddypt@nasa.gov,Female,55.207.249.254,254.79,Sweden
931,Enrico,Steel,esteelpu@google.com.br,Male,63.121.112.207,966.6,Poland
932,Lara,Duggon,lduggonpv@sbwire.com,Female,198.253.142.146,745.08,Russia
933,Wakefield,Kernar,wkernarpw@xinhuanet.com,Male,176.158.225.145,634.35,Indonesia
934,Lynnet,Tampin,ltampinpx@vimeo.com,Female,143.255.233.162,358.72,Benin
935,Bianka,Paula,bpaulapy@joomla.org,Female,184.199.133.84,382.18,China
936,Joann,Rraundl,jrraundlpz@360.cn,Female,120.159.132.71,219.1,Brazil
937,Giulia,Jaggs,gjaggsq0@moonfruit.com,Female,193.164.22.197,250.38,Bolivia
938,Grantham,Spriggs,gspriggsq1@youku.com,Male,7.19.178.223,268.46,China
939,Riley,McGeaney,rmcgeaneyq2@geocities.jp,Male,23.20.75.16,539.92,Sweden
940,Eadith,Bruhnsen,ebruhnsenq3@mysql.com,Female,107.71.213.175,565.62,Ukraine
941,Uriel,Elwyn,uelwynq4@goo.gl,Male,121.14.102.50,192.46,Indonesia
942,Morgen,Junkin,mjunkinq5@sourceforge.net,Male,10.82.78.3,606.28,China
943,Les,Ullrich,lullrichq6@issuu.com,Male,116.17.66.126,911.55,China
944,Corny,Divina,cdivinaq7@de.vu,Male,197.92.0.103,685.92,China
945,Vassili,Dauncey,vdaunceyq8@netvibes.com,Male,129.184.42.198,311.5,Philippines
946,Douglas,Jopp,djoppq9@telegraph.co.uk,Male,242.85.234.143,937.23,Azerbaijan
947,Pail,Taplin,ptaplinqa@digg.com,Male,11.7.171.176,613.99,China
948,Alec,Ubee,aubeeqb@forbes.com,Male,70.252.188.231,178.89,Syria
949,Hendrick,Mapham,hmaphamqc@bandcamp.com,Male,64.156.1.96,122.44,Poland
950,Peyton,Angood,pangoodqd@unc.edu,Male,12.131.189.142,646.37,Brazil
951,Oona,Geraghty,ogeraghtyqe@wunderground.com,Female,127.33.242.228,850.45,Indonesia
952,Marven,Sterland,msterlandqf@webnode.com,Male,151.3.196.105,497.24,United States
953,Kenyon,Comelli,kcomelliqg@biblegateway.com,Male,33.146.24.167,248.14,China
954,Bald,Lapwood,blapwoodqh@example.com,Male,60.235.30.23,5.91,Indonesia
955,Terrye,De Biasio,tdebiasioqi@sfgate.com,Female,167.243.235.182,809.08,Portugal
956,Shani,Shrawley,sshrawleyqj@smugmug.com,Female,200.247.142.250,930.09,Brazil
957,Andra,Eger,aegerqk@cornell.edu,Female,248.253.113.161,751.97,Russia
958,Mureil,Grumley,mgrumleyql@hc360.com,Female,224.250.50.115,720.03,New Zealand
959,Gwenny,Coppeard,gcoppeardqm@sina.com.cn,Female,116.197.217.221,325.16,Malaysia
960,Loy,Minkin,lminkinqn@alexa.com,Male,65.63.167.151,573.57,Poland
961,Siobhan,Elphinston,selphinstonqo@istockphoto.com,Female,93.85.219.240,609.09,Philippines
962,Win,Besset,wbessetqp@dot.gov,Male,149.150.209.247,213.77,China
963,Donnamarie,Antoniewicz,dantoniewiczqq@odnoklassniki.ru,Female,25.181.206.213,114.73,Sweden
964,Debi,Benedicte,dbenedicteqr@wikimedia.org,Female,6.46.186.3,553.64,China
965,Adina,Ucchino,aucchinoqs@columbia.edu,Female,168.135.146.132,61.89,Niger
966,Dietrich,Tincombe,dtincombeqt@bloglovin.com,Male,241.144.217.75,893.16,China
967,Taber,Cairney,tcairneyqu@histats.com,Male,67.18.115.167,327.44,Poland
968,Elsa,Kindell,ekindellqv@usnews.com,Female,110.185.216.71,432.82,Indonesia
969,Nerissa,Ennals,nennalsqw@nydailynews.com,Female,160.191.238.251,803.58,Cuba
970,Manny,Gillatt,mgillattqx@bing.com,Male,234.109.55.99,902.91,United States
971,Sande,Bayston,sbaystonqy@irs.gov,Female,140.242.136.165,235.54,Peru
972,Laurette,Vasyutin,lvasyutinqz@ifeng.com,Female,228.182.151.146,332.23,France
973,Addie,Kalb,akalbr0@elegantthemes.com,Male,57.124.201.165,364.7,France
974,Norrie,Marrion,nmarrionr1@sakura.ne.jp,Male,243.244.242.143,135.84,China
975,Tory,Barends,tbarendsr2@constantcontact.com,Female,167.223.88.189,259.84,Ukraine
976,Vittorio,Cass,vcassr3@engadget.com,Male,161.154.221.150,541.37,Sweden
977,Annissa,Kinny,akinnyr4@tuttocitta.it,Female,147.199.161.198,407.22,Chad
978,Cullie,McColm,cmccolmr5@blog.com,Male,49.248.142.205,606.8,Greece
979,Adolphus,Starkey,astarkeyr6@utexas.edu,Male,245.24.65.55,607.8,Syria
980,Sammy,McCloughlin,smccloughlinr7@opera.com,Male,146.165.9.12,954.98,Russia
981,Llewellyn,Demicoli,ldemicolir8@tripod.com,Male,237.173.226.76,62.13,Indonesia
982,Lolita,Rickeard,lrickeardr9@google.co.jp,Female,74.16.250.185,491.13,Japan
983,Gilbert,Cattle,gcattlera@lulu.com,Male,167.255.111.42,34.78,China
984,Giff,Neachell,gneachellrb@washingtonpost.com,Male,6.177.135.163,787.6,Czech Republic
985,Geno,Ace,gacerc@businessinsider.com,Male,54.227.229.214,788.77,China
986,Tessy,Ginman,tginmanrd@house.gov,Female,2.13.13.233,460.77,Saudi Arabia
987,Veronike,Derks,vderksre@odnoklassniki.ru,Female,7.88.195.21,157.46,United States
988,Dana,Chadd,dchaddrf@ehow.com,Male,39.225.224.117,576.64,Philippines
989,Dmitri,Meeland,dmeelandrg@apple.com,Male,156.107.115.196,204.42,Peru
990,Adrian,Brood,abroodrh@1688.com,Male,54.13.1.10,23.13,Russia
991,Fred,Pareman,fparemanri@kickstarter.com,Male,50.158.113.210,75.18,Poland
992,Adena,Larkcum,alarkcumrj@163.com,Female,130.61.173.170,273.16,Kenya
993,Alvinia,Ashelford,aashelfordrk@sbwire.com,Female,4.177.121.175,852.59,Nigeria
994,Tammara,Pleasance,tpleasancerl@bandcamp.com,Female,226.85.225.209,280.82,Uruguay
995,Tobi,Geockle,tgeocklerm@woothemes.com,Female,108.91.76.57,740.66,China
996,Rubina,Southern,rsouthernrn@redcross.org,Female,73.126.128.154,474.63,Indonesia
997,Annabal,Bluck,abluckro@dailymail.co.uk,Female,23.221.133.180,185.91,Indonesia
998,Tanney,Assante,tassanterp@wisc.edu,Male,159.84.90.121,366.36,Philippines
999,Victor,Durdy,vdurdyrq@netlog.com,Male,14.67.62.180,548.37,China
1000,Zedekiah,McLuckie,zmcluckierr@istockphoto.com,Male,73.236.130.177,572.16,China
